,created_at,expiry_date,user_id,course_name,course_id,percentage_completed,completed_at,expired,is_free_trial,completed,started_at,activated_at,updated_at,quest_id
0,2020-12-12T06:41:29.844Z,,29816173,Entwodiksyon Nan Syans Done,1047613,0,,FALSE,TRUE,FALSE,,,2020-12-12T06:41:29.844Z,
1,2020-12-13T14:41:17.720Z,,35229766,Entwodiksyon Nan Syans Done,1047613,0,,FALSE,TRUE,FALSE,,,2020-12-13T14:41:17.720Z,
2,2020-12-15T00:53:06.499Z,,31987560,Entwodiksyon Nan Syans Done,1047613,0,,FALSE,TRUE,FALSE,,,2020-12-15T00:53:06.499Z,
3,2020-12-18T18:38:55.683Z,,35616451,Entwodiksyon Nan Syans Done,1047613,0,,FALSE,TRUE,FALSE,,,2020-12-18T18:38:55.683Z,
4,2020-12-21T14:45:06.528Z,,35390649,Entwodiksyon Nan Syans Done,1047613,0,,FALSE,TRUE,FALSE,,,2020-12-21T14:45:06.528Z,
5,2020-12-22T16:47:26.199Z,,35821412,Entwodiksyon Nan Syans Done,1047613,0,,FALSE,TRUE,FALSE,,,2020-12-22T16:47:26.199Z,
6,2021-01-04T22:18:38.182Z,,35738528,Entwodiksyon Nan Syans Done,1047613,0,,FALSE,TRUE,FALSE,2021-03-02T19:14:51.231Z,,2021-03-02T19:14:58.369Z,
7,2021-01-05T04:00:45.795Z,,34856150,Entwodiksyon Nan Syans Done,1047613,0,,FALSE,FALSE,FALSE,2021-03-01T06:56:33.704Z,2021-01-05T04:00:45.775Z,2021-03-01T06:56:33.709Z,
8,2021-01-10T01:21:21.563Z,,37252649,Entwodiksyon Nan Syans Done,1047613,0,,FALSE,TRUE,FALSE,,,2021-01-10T01:21:21.563Z,
9,2021-01-26T04:16:38.716Z,,38404915,Entwodiksyon Nan Syans Done,1047613,0,,FALSE,TRUE,FALSE,,,2021-01-26T04:16:38.716Z,905fab9d-ce95-11eb-a1ed-7c67a234f601
10,2021-01-27T23:57:34.943Z,,38527747,Entwodiksyon Nan Syans Done,1047613,0,,FALSE,TRUE,FALSE,,,2021-01-27T23:57:34.943Z,
11,2021-01-28T02:43:47.014Z,,38534399,Entwodiksyon Nan Syans Done,1047613,0,,FALSE,TRUE,FALSE,,,2021-01-28T02:43:47.014Z,
12,2021-01-31T15:13:40.159Z,,38762994,Entwodiksyon Nan Syans Done,1047613,0,,FALSE,TRUE,FALSE,,,2021-01-31T15:13:40.159Z,
13,2021-02-04T22:48:10.874Z,2071-02-10T17:12:36.000Z,39064047,Entwodiksyon Nan Syans Done,1047613,0.930232558,,FALSE,FALSE,FALSE,2021-02-22T17:14:33.921Z,2021-02-22T17:12:26.000Z,2021-03-14T16:26:49.026Z,90628fc0-ce95-11eb-8dae-7c67a234f601
14,2021-02-05T20:03:10.285Z,,39100195,Entwodiksyon Nan Syans Done,1047613,0.023809524,,FALSE,TRUE,FALSE,2021-02-23T06:25:32.712Z,,2021-03-03T21:50:16.885Z,
15,2021-02-06T16:42:07.850Z,,39158085,Entwodiksyon Nan Syans Done,1047613,0,,FALSE,TRUE,FALSE,,,2021-02-06T16:42:07.850Z,
16,2021-02-07T04:16:04.381Z,2071-01-31T22:11:38.000Z,39181155,Entwodiksyon Nan Syans Done,1047613,0.697674419,,FALSE,FALSE,FALSE,2021-02-16T20:07:53.126Z,2021-02-12T22:11:35.000Z,2021-03-14T17:27:11.958Z,9061d753-ce95-11eb-967a-7c67a234f601
17,2021-02-14T23:15:19.500Z,,39726355,Entwodiksyon Nan Syans Done,1047613,0,,FALSE,TRUE,FALSE,2021-02-17T08:43:53.457Z,,2021-02-17T08:44:09.561Z,905dc006-ce95-11eb-b2f9-7c67a234f601
18,2021-02-16T15:55:20.037Z,,39839300,Entwodiksyon Nan Syans Done,1047613,0,,FALSE,TRUE,FALSE,2021-02-16T15:55:20.403Z,,2021-02-16T15:55:25.241Z,906636d0-ce95-11eb-9875-7c67a234f601
19,2021-02-16T16:49:01.425Z,,39842827,Entwodiksyon Nan Syans Done,1047613,0.023809524,,FALSE,TRUE,FALSE,2021-02-16T16:49:01.905Z,,2021-03-03T21:50:17.219Z,9066abb6-ce95-11eb-b526-7c67a234f601
20,2021-02-16T17:18:51.956Z,2071-02-04T17:18:55.000Z,39844839,Entwodiksyon Nan Syans Done,1047613,0.534883721,,FALSE,FALSE,FALSE,2021-02-16T17:19:30.928Z,2021-02-16T17:18:51.000Z,2021-03-14T16:28:24.203Z,90628fbf-ce95-11eb-819c-7c67a234f601
21,2021-02-16T17:51:35.464Z,2071-02-04T17:51:42.000Z,39845142,Entwodiksyon Nan Syans Done,1047613,0.418604651,,FALSE,FALSE,FALSE,2021-02-16T17:52:59.026Z,2021-02-16T17:51:35.000Z,2021-03-05T23:36:41.823Z,90628a02-ce95-11eb-9291-7c67a234f601
22,2021-02-16T18:39:34.399Z,2071-02-09T19:46:42.000Z,39850932,Entwodiksyon Nan Syans Done,1047613,0.953488372,,FALSE,FALSE,FALSE,2021-02-16T18:39:34.861Z,2021-02-21T19:46:22.000Z,2021-03-09T14:25:41.451Z,9067957b-ce95-11eb-a3f9-7c67a234f601
23,2021-02-16T20:09:37.007Z,,39856539,Entwodiksyon Nan Syans Done,1047613,0.302325581,,FALSE,FALSE,FALSE,2021-02-16T20:16:38.923Z,2021-02-16T20:09:36.974Z,2021-03-09T22:43:51.040Z,9069789f-ce95-11eb-9788-7c67a234f601
24,2021-02-16T20:16:35.911Z,,39857484,Entwodiksyon Nan Syans Done,1047613,0.452380952,,FALSE,FALSE,FALSE,2021-02-16T20:16:36.279Z,2021-02-22T19:16:40.434Z,2021-03-03T21:50:17.810Z,905ec1ec-ce95-11eb-8136-7c67a234f601
25,2021-02-16T21:13:48.783Z,,39860970,Entwodiksyon Nan Syans Done,1047613,0.023809524,,FALSE,TRUE,FALSE,2021-02-16T21:13:49.195Z,,2021-03-03T21:50:17.872Z,90691afd-ce95-11eb-b77d-7c67a234f601
26,2021-02-16T21:20:39.296Z,,39861467,Entwodiksyon Nan Syans Done,1047613,0,,FALSE,TRUE,FALSE,2021-02-16T21:20:39.657Z,,2021-02-16T21:20:45.288Z,
27,2021-02-16T21:29:47.980Z,2071-02-10T17:33:45.000Z,39861802,Entwodiksyon Nan Syans Done,1047613,0.906976744,,FALSE,FALSE,FALSE,2021-02-16T21:29:48.545Z,2021-02-22T17:29:44.000Z,2021-03-09T14:03:04.673Z,9062b755-ce95-11eb-85a2-7c67a234f601
28,2021-02-17T03:19:47.548Z,,39878444,Entwodiksyon Nan Syans Done,1047613,0,,FALSE,TRUE,FALSE,2021-02-17T03:19:48.069Z,,2021-02-17T03:22:32.487Z,90691afe-ce95-11eb-bc64-7c67a234f601
29,2021-02-17T07:06:55.943Z,,39887288,Entwodiksyon Nan Syans Done,1047613,0,,FALSE,TRUE,FALSE,2021-02-17T07:06:56.362Z,,2021-03-03T21:50:18.062Z,9067957c-ce95-11eb-9346-7c67a234f601
30,2021-02-17T08:16:36.072Z,,39889898,Entwodiksyon Nan Syans Done,1047613,0.023809524,,FALSE,TRUE,FALSE,2021-02-17T08:16:36.721Z,,2021-03-03T21:50:18.114Z,9067957d-ce95-11eb-82b5-7c67a234f601
31,2021-02-17T09:11:52.453Z,,39891948,Entwodiksyon Nan Syans Done,1047613,0.023809524,,FALSE,TRUE,FALSE,2021-02-17T09:11:52.936Z,,2021-03-03T21:50:18.182Z,90632b9f-ce95-11eb-bb7f-7c67a234f601
32,2021-02-17T10:58:44.017Z,,39896120,Entwodiksyon Nan Syans Done,1047613,0.238095238,,FALSE,FALSE,FALSE,2021-02-17T10:58:44.369Z,2021-02-17T11:08:54.459Z,2021-03-03T21:50:18.253Z,9062b754-ce95-11eb-b31e-7c67a234f601
33,2021-02-17T11:57:37.102Z,,39898649,Entwodiksyon Nan Syans Done,1047613,0,,FALSE,TRUE,FALSE,2021-02-17T11:57:37.456Z,,2021-02-17T11:57:45.410Z,90632ba0-ce95-11eb-b7c2-7c67a234f601
34,2021-02-17T12:25:08.308Z,,39899485,Entwodiksyon Nan Syans Done,1047613,0.023809524,,FALSE,TRUE,FALSE,2021-02-17T12:25:08.579Z,,2021-03-03T21:50:18.343Z,905f36ca-ce95-11eb-9411-7c67a234f601
35,2021-02-17T13:13:12.166Z,,39901794,Entwodiksyon Nan Syans Done,1047613,0.023809524,,FALSE,TRUE,FALSE,2021-02-17T13:13:12.702Z,,2021-03-03T21:50:18.387Z,9063a260-ce95-11eb-87e8-7c67a234f601
36,2021-02-17T13:48:42.854Z,,39903501,Entwodiksyon Nan Syans Done,1047613,0.047619048,,FALSE,FALSE,FALSE,2021-02-17T13:49:12.048Z,2021-02-17T13:48:42.838Z,2021-03-03T21:50:18.422Z,
37,2021-02-17T15:14:40.939Z,,39908510,Entwodiksyon Nan Syans Done,1047613,0.833333333,,FALSE,FALSE,FALSE,2021-02-17T15:14:43.462Z,2021-02-18T14:45:07.536Z,2021-03-03T21:50:18.489Z,905f5dc1-ce95-11eb-bfa7-7c67a234f601
38,2021-02-17T22:54:01.044Z,,39937209,Entwodiksyon Nan Syans Done,1047613,0.023809524,,FALSE,TRUE,FALSE,2021-02-17T22:54:01.469Z,,2021-03-03T21:50:18.548Z,9067bc87-ce95-11eb-977f-7c67a234f601
39,2021-02-18T00:23:02.499Z,,39941205,Entwodiksyon Nan Syans Done,1047613,0.023809524,,FALSE,TRUE,FALSE,2021-02-18T00:23:02.864Z,,2021-03-03T21:50:18.613Z,
40,2021-02-18T02:53:51.024Z,,39946940,Entwodiksyon Nan Syans Done,1047613,0.023809524,,FALSE,TRUE,FALSE,2021-02-18T02:53:51.348Z,,2021-03-03T21:50:18.664Z,9063ee78-ce95-11eb-a8d6-7c67a234f601
41,2021-02-18T05:29:55.849Z,,39952207,Entwodiksyon Nan Syans Done,1047613,0,,FALSE,TRUE,FALSE,2021-02-18T05:29:56.152Z,,2021-02-18T05:29:59.964Z,90643c59-ce95-11eb-aec2-7c67a234f601
42,2021-02-18T12:41:11.310Z,,39968123,Entwodiksyon Nan Syans Done,1047613,0,,FALSE,TRUE,FALSE,2021-02-18T12:41:11.897Z,,2021-02-18T12:41:27.977Z,905fd65b-ce95-11eb-b835-7c67a234f601
43,2021-02-18T13:46:19.814Z,,39971217,Entwodiksyon Nan Syans Done,1047613,0.023809524,,FALSE,TRUE,FALSE,2021-02-18T13:46:20.423Z,,2021-03-03T21:50:18.824Z,90646354-ce95-11eb-a5c9-7c67a234f601
44,2021-02-18T13:59:40.515Z,2071-02-06T14:04:54.000Z,39971926,Entwodiksyon Nan Syans Done,1047613,0.813953488,,FALSE,FALSE,FALSE,2021-02-18T13:59:41.054Z,2021-02-18T14:04:47.000Z,2021-03-09T14:03:59.063Z,90665dbd-ce95-11eb-bcc1-7c67a234f601
45,2021-02-18T15:21:09.315Z,2071-02-06T15:21:44.000Z,39976529,Entwodiksyon Nan Syans Done,1047613,0.619047619,,FALSE,FALSE,FALSE,2021-02-18T15:24:16.590Z,2021-02-18T15:21:09.000Z,2021-03-03T21:50:19.023Z,9064923a-ce95-11eb-a2ad-7c67a234f601
46,2021-02-18T15:59:18.215Z,,39979118,Entwodiksyon Nan Syans Done,1047613,0,,FALSE,TRUE,FALSE,2021-02-18T15:59:18.587Z,,2021-02-18T16:00:17.379Z,9066fab1-ce95-11eb-a4e2-7c67a234f601
47,2021-02-18T16:09:56.118Z,,39979758,Entwodiksyon Nan Syans Done,1047613,0,,FALSE,TRUE,FALSE,2021-02-18T16:09:56.712Z,,2021-02-18T16:10:03.033Z,
48,2021-02-18T16:15:28.758Z,2071-02-12T15:38:37.000Z,39980083,Entwodiksyon Nan Syans Done,1047613,0.511627907,,FALSE,FALSE,FALSE,2021-02-18T16:15:29.081Z,2021-02-24T15:38:33.000Z,2021-03-12T23:46:28.978Z,90665dc0-ce95-11eb-926f-7c67a234f601
49,2021-02-18T16:59:56.689Z,,39983106,Entwodiksyon Nan Syans Done,1047613,0,,FALSE,TRUE,FALSE,2021-02-18T16:59:57.195Z,,2021-02-18T17:00:14.438Z,9069ddd6-ce95-11eb-988c-7c67a234f601
50,2021-02-18T19:22:10.715Z,2071-02-06T22:06:59.000Z,39992231,Entwodiksyon Nan Syans Done,1047613,0.860465116,,FALSE,FALSE,FALSE,2021-02-18T19:22:11.086Z,2021-02-18T22:06:50.000Z,2021-03-14T01:26:27.361Z,90642613-ce95-11eb-8b26-7c67a234f601
51,2021-02-18T22:20:39.620Z,,40002531,Entwodiksyon Nan Syans Done,1047613,0.023809524,,FALSE,TRUE,FALSE,2021-02-18T22:20:40.069Z,,2021-03-03T21:50:19.669Z,905f5dbf-ce95-11eb-a1fb-7c67a234f601
52,2021-02-19T00:47:03.092Z,2071-02-07T00:47:02.000Z,40009010,Entwodiksyon Nan Syans Done,1047613,0.953488372,,FALSE,FALSE,FALSE,2021-02-19T00:49:12.028Z,2021-02-19T00:47:02.000Z,2021-03-09T13:51:24.916Z,90668798-ce95-11eb-86fc-7c67a234f601
53,2021-02-19T02:33:12.145Z,,39881538,Entwodiksyon Nan Syans Done,1047613,0.023809524,,FALSE,TRUE,FALSE,2021-02-19T02:33:12.624Z,,2021-03-03T21:50:19.877Z,905f36c8-ce95-11eb-bef0-7c67a234f601
54,2021-02-19T03:29:02.686Z,,40015922,Entwodiksyon Nan Syans Done,1047613,0,,FALSE,TRUE,FALSE,2021-02-19T03:29:03.144Z,,2021-02-19T03:30:18.308Z,9064c427-ce95-11eb-9d48-7c67a234f601
55,2021-02-19T04:57:13.593Z,,40018986,Entwodiksyon Nan Syans Done,1047613,0.023809524,,FALSE,TRUE,FALSE,2021-02-19T04:57:13.887Z,,2021-03-03T21:50:20.077Z,905ff980-ce95-11eb-98b7-7c67a234f601
56,2021-02-19T09:03:02.014Z,,40027250,Entwodiksyon Nan Syans Done,1047613,0,,FALSE,TRUE,FALSE,2021-02-19T09:03:02.424Z,,2021-02-19T09:03:08.781Z,
57,2021-02-19T12:36:58.565Z,2071-02-11T15:55:15.000Z,39938142,Entwodiksyon Nan Syans Done,1047613,0.452380952,,FALSE,FALSE,FALSE,2021-02-19T12:36:58.922Z,2021-02-23T15:55:15.000Z,2021-03-09T01:32:29.052Z,
58,2021-02-19T13:38:47.624Z,2071-02-08T12:25:36.000Z,39997346,Entwodiksyon Nan Syans Done,1047613,0.523809524,,FALSE,FALSE,FALSE,2021-02-19T13:38:47.915Z,2021-02-20T12:25:23.000Z,2021-03-03T21:50:20.646Z,9061a61d-ce95-11eb-a939-7c67a234f601
59,2021-02-19T13:47:49.359Z,,40042187,Entwodiksyon Nan Syans Done,1047613,0.023809524,,FALSE,TRUE,FALSE,2021-02-19T13:47:49.970Z,,2021-03-03T21:50:20.899Z,90672095-ce95-11eb-a84d-7c67a234f601
60,2021-02-19T14:13:37.258Z,,40043087,Entwodiksyon Nan Syans Done,1047613,0,,FALSE,TRUE,FALSE,2021-02-19T14:13:37.576Z,,2021-02-19T14:13:41.938Z,9067e4bf-ce95-11eb-afb1-7c67a234f601
61,2021-02-19T15:14:32.842Z,,40046744,Entwodiksyon Nan Syans Done,1047613,0.023809524,,FALSE,TRUE,FALSE,2021-02-19T15:14:33.453Z,,2021-03-03T21:50:21.116Z,90602078-ce95-11eb-bc1d-7c67a234f601
62,2021-02-19T17:43:32.127Z,,40056009,Entwodiksyon Nan Syans Done,1047613,0.023809524,,FALSE,TRUE,FALSE,2021-02-19T17:43:32.563Z,,2021-03-03T21:50:21.431Z,
63,2021-02-19T19:21:26.044Z,,40061983,Entwodiksyon Nan Syans Done,1047613,0.023809524,,FALSE,TRUE,FALSE,2021-02-19T19:21:26.379Z,,2021-03-03T21:50:21.784Z,
64,2021-02-19T20:50:52.408Z,,40066775,Entwodiksyon Nan Syans Done,1047613,0.023809524,,FALSE,TRUE,FALSE,2021-02-19T20:50:52.825Z,,2021-03-03T21:50:21.858Z,9060477d-ce95-11eb-ab2e-7c67a234f601
65,2021-02-19T21:19:39.035Z,,40068021,Entwodiksyon Nan Syans Done,1047613,0.023809524,,FALSE,TRUE,FALSE,2021-02-19T21:19:39.319Z,,2021-03-03T21:50:21.934Z,90698fea-ce95-11eb-ae89-7c67a234f601
66,2021-02-20T00:58:42.295Z,,40077328,Entwodiksyon Nan Syans Done,1047613,0.023809524,,FALSE,TRUE,FALSE,2021-02-20T00:58:42.619Z,,2021-03-03T21:50:22.005Z,
67,2021-02-20T21:20:37.450Z,2071-02-19T23:00:15.000Z,40117659,Entwodiksyon Nan Syans Done,1047613,0.325581395,,FALSE,FALSE,FALSE,2021-02-20T21:20:37.814Z,2021-03-03T23:00:11.000Z,2021-03-09T13:57:49.729Z,905e2608-ce95-11eb-809f-7c67a234f601
68,2021-02-20T22:56:24.115Z,2071-02-08T22:56:58.000Z,40120992,Entwodiksyon Nan Syans Done,1047613,0.953488372,,FALSE,FALSE,FALSE,2021-02-22T20:54:38.135Z,2021-02-20T22:56:24.000Z,2021-03-11T23:19:55.040Z,9066d2ab-ce95-11eb-be67-7c67a234f601
69,2021-02-20T22:59:52.740Z,,40121178,Entwodiksyon Nan Syans Done,1047613,0.279069767,,FALSE,FALSE,FALSE,2021-02-20T23:00:13.971Z,2021-02-20T22:59:52.724Z,2021-03-12T19:23:33.022Z,
70,2021-02-21T00:53:42.441Z,,40124305,Entwodiksyon Nan Syans Done,1047613,0.023809524,,FALSE,TRUE,FALSE,2021-02-21T00:53:42.888Z,,2021-03-03T21:50:22.269Z,906a52b6-ce95-11eb-935f-7c67a234f601
71,2021-02-21T01:08:59.590Z,2071-02-12T14:54:23.000Z,40124696,Entwodiksyon Nan Syans Done,1047613,0.348837209,,FALSE,FALSE,FALSE,2021-02-21T01:09:00.059Z,2021-02-24T14:54:21.000Z,2021-03-14T16:28:48.304Z,90680a6a-ce95-11eb-bf44-7c67a234f601
72,2021-02-21T01:27:45.797Z,,40125135,Entwodiksyon Nan Syans Done,1047613,0,,FALSE,TRUE,FALSE,2021-02-21T01:27:46.859Z,,2021-02-21T01:29:01.282Z,90680a6b-ce95-11eb-ad05-7c67a234f601
73,2021-02-21T06:03:46.436Z,2071-02-09T06:08:15.000Z,40132216,Entwodiksyon Nan Syans Done,1047613,0.534883721,,FALSE,FALSE,FALSE,2021-02-21T06:15:54.935Z,2021-02-21T06:03:46.000Z,2021-03-14T04:28:47.351Z,906a04c8-ce95-11eb-b468-7c67a234f601
74,2021-02-21T12:41:32.008Z,,40143019,Entwodiksyon Nan Syans Done,1047613,0.023809524,,FALSE,TRUE,FALSE,2021-02-21T12:41:32.521Z,,2021-03-03T21:50:22.794Z,906a79ae-ce95-11eb-98c3-7c67a234f601
75,2021-02-21T15:55:59.494Z,2071-02-09T15:56:07.000Z,40060952,Entwodiksyon Nan Syans Done,1047613,0.906976744,,FALSE,FALSE,FALSE,2021-02-21T15:56:35.652Z,2021-02-21T15:55:59.000Z,2021-03-11T17:57:53.832Z,90643c5a-ce95-11eb-b510-7c67a234f601
76,2021-02-21T16:00:54.938Z,2071-02-09T16:00:56.000Z,40061075,Entwodiksyon Nan Syans Done,1047613,0.88372093,,FALSE,FALSE,FALSE,2021-02-21T16:01:58.735Z,2021-02-21T16:00:54.000Z,2021-03-13T14:16:49.269Z,9064b6be-ce95-11eb-b2ac-7c67a234f601
77,2021-02-21T21:51:56.154Z,2071-02-09T21:52:05.000Z,40163962,Entwodiksyon Nan Syans Done,1047613,0.953488372,,FALSE,FALSE,FALSE,2021-02-21T21:58:24.428Z,2021-02-21T21:51:56.000Z,2021-03-14T16:27:16.311Z,9064ff27-ce95-11eb-aaa6-7c67a234f601
78,2021-02-21T22:48:34.851Z,,40167220,Entwodiksyon Nan Syans Done,1047613,0,,FALSE,TRUE,FALSE,2021-02-21T22:48:35.525Z,,2021-02-21T22:48:45.802Z,9060617e-ce95-11eb-bd26-7c67a234f601
79,2021-02-21T23:27:56.542Z,,40168490,Entwodiksyon Nan Syans Done,1047613,0,,FALSE,TRUE,FALSE,2021-02-21T23:27:57.156Z,,2021-02-21T23:28:05.119Z,
80,2021-02-22T10:36:44.434Z,,40193185,Entwodiksyon Nan Syans Done,1047613,0,,FALSE,TRUE,FALSE,2021-02-22T10:36:45.027Z,,2021-02-22T10:36:54.377Z,90672096-ce95-11eb-9663-7c67a234f601
81,2021-02-22T18:30:31.677Z,2071-02-12T19:23:37.000Z,40218975,Entwodiksyon Nan Syans Done,1047613,0.285714286,,FALSE,FALSE,FALSE,2021-02-22T18:30:32.194Z,2021-02-24T19:23:14.000Z,2021-03-03T21:50:23.296Z,90672097-ce95-11eb-b73b-7c67a234f601
82,2021-02-23T02:02:23.225Z,2071-02-11T02:02:23.000Z,39880696,Entwodiksyon Nan Syans Done,1047613,0.744186047,,FALSE,FALSE,FALSE,2021-02-23T02:03:09.712Z,2021-02-23T02:02:23.000Z,2021-03-14T16:27:05.720Z,90617f13-ce95-11eb-bc4e-7c67a234f601
83,2021-02-23T11:38:18.566Z,,40266094,Entwodiksyon Nan Syans Done,1047613,0,,FALSE,TRUE,FALSE,2021-02-23T11:38:18.914Z,,2021-02-23T11:38:25.604Z,
84,2021-02-23T12:21:53.058Z,,40267683,Entwodiksyon Nan Syans Done,1047613,0.023809524,,FALSE,TRUE,FALSE,2021-02-23T12:21:53.865Z,,2021-03-03T21:50:23.803Z,906a79af-ce95-11eb-bd36-7c67a234f601
85,2021-02-23T15:42:23.175Z,,40278060,Entwodiksyon Nan Syans Done,1047613,0.953488372,,FALSE,FALSE,FALSE,2021-02-23T15:42:45.397Z,2021-02-23T15:42:23.158Z,2021-03-09T13:51:51.967Z,9064ff28-ce95-11eb-857f-7c67a234f601
86,2021-02-23T16:31:57.817Z,,40281483,Entwodiksyon Nan Syans Done,1047613,0.023255814,,FALSE,FALSE,FALSE,2021-02-23T16:31:58.407Z,2021-03-11T16:01:24.008Z,2021-03-11T17:09:40.749Z,9064ff29-ce95-11eb-a3d3-7c67a234f601
87,2021-02-23T17:22:16.055Z,,40284930,Entwodiksyon Nan Syans Done,1047613,0.209302326,,FALSE,FALSE,FALSE,2021-02-23T17:22:16.541Z,2021-03-12T14:23:11.230Z,2021-03-12T17:21:33.121Z,9060477c-ce95-11eb-ace3-7c67a234f601
88,2021-02-23T20:50:47.228Z,2071-02-11T20:51:04.000Z,40278636,Entwodiksyon Nan Syans Done,1047613,0.674418605,,FALSE,FALSE,FALSE,2021-02-23T20:52:08.489Z,2021-02-23T20:50:47.000Z,2021-03-13T12:56:02.636Z,9060c2e6-ce95-11eb-b8b8-7c67a234f601
89,2021-02-23T21:24:00.017Z,2071-02-13T23:58:27.000Z,40299599,Entwodiksyon Nan Syans Done,1047613,0.790697674,,FALSE,FALSE,FALSE,2021-02-23T21:24:00.498Z,2021-02-25T23:57:16.000Z,2021-03-11T12:57:03.428Z,9060e347-ce95-11eb-abbb-7c67a234f601
90,2021-02-24T01:16:40.350Z,2071-02-12T01:16:52.000Z,40308616,Entwodiksyon Nan Syans Done,1047613,0.906976744,,FALSE,FALSE,FALSE,2021-02-24T01:18:06.298Z,2021-02-24T01:16:40.000Z,2021-03-09T14:22:22.317Z,90665dbc-ce95-11eb-8162-7c67a234f601
91,2021-02-24T12:20:49.929Z,2071-02-23T12:43:28.000Z,40336912,Entwodiksyon Nan Syans Done,1047613,0.395348837,,FALSE,FALSE,FALSE,2021-02-24T12:20:50.238Z,2021-03-07T12:43:08.000Z,2021-03-14T16:04:48.040Z,90611cd3-ce95-11eb-bebc-7c67a234f601
92,2021-02-24T14:42:56.475Z,2071-02-12T14:43:16.000Z,40276263,Entwodiksyon Nan Syans Done,1047613,0.906976744,,FALSE,FALSE,FALSE,2021-02-24T14:45:34.087Z,2021-02-24T14:42:56.000Z,2021-03-14T18:05:33.481Z,9062692a-ce95-11eb-8ab8-7c67a234f601
93,2021-02-24T14:49:19.661Z,2071-02-12T14:49:24.000Z,40153476,Entwodiksyon Nan Syans Done,1047613,0.465116279,,FALSE,FALSE,FALSE,2021-03-04T05:42:13.443Z,2021-02-24T14:49:19.000Z,2021-03-10T07:08:02.658Z,90685b18-ce95-11eb-99e6-7c67a234f601
94,2021-02-24T16:53:16.967Z,2071-02-12T16:54:21.000Z,39944179,Entwodiksyon Nan Syans Done,1047613,0.488372093,,FALSE,FALSE,FALSE,2021-02-24T16:55:14.134Z,2021-02-24T16:53:16.000Z,2021-03-10T10:24:48.284Z,905ec1ed-ce95-11eb-829c-7c67a234f601
95,2021-02-24T17:43:57.651Z,,40355473,Entwodiksyon Nan Syans Done,1047613,0,,FALSE,TRUE,FALSE,2021-02-24T17:43:58.169Z,,2021-02-24T17:44:04.121Z,
96,2021-02-24T19:37:18.680Z,2071-02-12T19:37:42.000Z,40363382,Entwodiksyon Nan Syans Done,1047613,0.11627907,,FALSE,FALSE,FALSE,2021-02-24T19:39:12.632Z,2021-02-24T19:37:18.000Z,2021-03-14T16:09:47.691Z,90674789-ce95-11eb-ac21-7c67a234f601
97,2021-02-24T21:22:16.056Z,,40369133,Entwodiksyon Nan Syans Done,1047613,0.302325581,,FALSE,FALSE,FALSE,2021-02-25T15:53:10.360Z,2021-02-24T21:22:16.034Z,2021-03-13T17:05:59.264Z,9061312a-ce95-11eb-ba28-7c67a234f601
98,2021-02-25T00:13:28.546Z,,40377456,Entwodiksyon Nan Syans Done,1047613,0.023809524,,FALSE,TRUE,FALSE,2021-02-25T00:13:28.966Z,,2021-03-03T21:50:26.362Z,
99,2021-02-25T04:14:40.539Z,2071-02-18T21:28:31.000Z,40387704,Entwodiksyon Nan Syans Done,1047613,0.813953488,,FALSE,FALSE,FALSE,2021-02-25T04:14:41.404Z,2021-03-02T21:28:21.000Z,2021-03-13T04:29:00.921Z,90614c17-ce95-11eb-b604-7c67a234f601
100,2021-02-25T15:36:30.914Z,,40411976,Entwodiksyon Nan Syans Done,1047613,0.285714286,,FALSE,FALSE,FALSE,2021-02-25T15:36:48.500Z,2021-02-25T15:36:30.899Z,2021-03-03T21:50:26.549Z,90617f12-ce95-11eb-a3c8-7c67a234f601
101,2021-02-25T17:38:24.509Z,,40420448,Entwodiksyon Nan Syans Done,1047613,0.023809524,,FALSE,TRUE,FALSE,2021-02-25T17:38:24.845Z,,2021-03-03T21:50:26.653Z,90652a97-ce95-11eb-856d-7c67a234f601
102,2021-02-27T20:01:27.509Z,2071-02-15T20:01:37.000Z,40551114,Entwodiksyon Nan Syans Done,1047613,0.23255814,,FALSE,FALSE,FALSE,2021-02-27T20:02:15.481Z,2021-02-27T20:01:27.000Z,2021-03-05T07:02:24.713Z,
103,2021-02-28T11:11:01.228Z,2071-02-19T13:39:00.000Z,40577040,Entwodiksyon Nan Syans Done,1047613,0.604651163,,FALSE,FALSE,FALSE,2021-02-28T11:11:03.098Z,2021-03-03T13:38:56.000Z,2021-03-09T14:27:47.745Z,9068f405-ce95-11eb-b487-7c67a234f601
104,2021-02-28T22:23:16.835Z,2071-02-16T22:23:25.000Z,40487386,Entwodiksyon Nan Syans Done,1047613,0.418604651,,FALSE,FALSE,FALSE,2021-02-28T22:23:43.019Z,2021-02-28T22:23:16.000Z,2021-03-07T18:30:55.108Z,90687faf-ce95-11eb-ba86-7c67a234f601
105,2021-03-01T04:57:51.037Z,2071-02-28T20:33:17.000Z,40618692,Entwodiksyon Nan Syans Done,1047613,0.279069767,,FALSE,FALSE,FALSE,2021-03-01T04:57:51.344Z,2021-03-12T20:33:14.000Z,2021-03-14T15:41:07.145Z,906555c1-ce95-11eb-95e0-7c67a234f601
106,2021-03-01T14:02:26.445Z,,40643408,Entwodiksyon Nan Syans Done,1047613,0,,FALSE,TRUE,FALSE,2021-03-01T14:02:26.863Z,,2021-03-01T14:02:38.323Z,906178f8-ce95-11eb-95e9-7c67a234f601
107,2021-03-01T23:25:47.412Z,,40131930,Entwodiksyon Nan Syans Done,1047613,0.395348837,,FALSE,FALSE,FALSE,2021-03-01T23:25:47.907Z,2021-03-01T23:34:30.327Z,2021-03-14T20:44:09.717Z,906a52b7-ce95-11eb-9c4b-7c67a234f601
108,2021-03-02T02:49:24.538Z,2071-02-18T02:49:29.000Z,40690080,Entwodiksyon Nan Syans Done,1047613,0.604651163,,FALSE,FALSE,FALSE,2021-03-02T02:50:55.145Z,2021-03-02T02:49:24.000Z,2021-03-13T00:19:13.042Z,90609554-ce95-11eb-a24a-7c67a234f601
109,2021-03-02T03:37:44.544Z,,40691983,Entwodiksyon Nan Syans Done,1047613,0.023809524,,FALSE,TRUE,FALSE,2021-03-02T03:37:45.170Z,,2021-03-03T21:50:28.230Z,
110,2021-03-02T15:54:35.489Z,,40723415,Entwodiksyon Nan Syans Done,1047613,0.023809524,,FALSE,TRUE,FALSE,2021-03-02T15:54:36.213Z,,2021-03-03T21:50:28.603Z,
111,2021-03-02T18:45:26.479Z,2071-02-18T18:53:32.000Z,40734954,Entwodiksyon Nan Syans Done,1047613,0.88372093,,FALSE,FALSE,FALSE,2021-03-02T18:45:27.034Z,2021-03-02T18:53:20.000Z,2021-03-13T05:43:58.022Z,906b3c84-ce95-11eb-8c2a-7c67a234f601
112,2021-03-02T21:05:29.667Z,,40745185,Entwodiksyon Nan Syans Done,1047613,0.023809524,,FALSE,TRUE,FALSE,2021-03-02T21:05:30.245Z,,2021-03-03T21:50:29.066Z,
113,2021-03-02T22:21:45.793Z,,40751212,Entwodiksyon Nan Syans Done,1047613,0,,FALSE,TRUE,FALSE,2021-03-02T22:21:46.479Z,,2021-03-02T22:21:55.625Z,
114,2021-03-02T23:55:58.835Z,,40755197,Entwodiksyon Nan Syans Done,1047613,0,,FALSE,TRUE,FALSE,2021-03-02T23:55:59.156Z,,2021-03-02T23:56:18.573Z,
115,2021-03-03T00:02:37.687Z,,40755512,Entwodiksyon Nan Syans Done,1047613,0.023809524,,FALSE,TRUE,FALSE,2021-03-03T00:02:38.089Z,,2021-03-03T21:50:29.278Z,
116,2021-03-03T00:12:31.944Z,,40755902,Entwodiksyon Nan Syans Done,1047613,0.023809524,,FALSE,TRUE,FALSE,2021-03-03T00:12:32.686Z,,2021-03-03T21:50:29.543Z,906aa0a0-ce95-11eb-8355-7c67a234f601
117,2021-03-03T00:32:11.563Z,,40756395,Entwodiksyon Nan Syans Done,1047613,0,,FALSE,TRUE,FALSE,2021-03-03T00:32:12.206Z,,2021-03-03T00:32:21.705Z,
118,2021-03-03T00:35:34.665Z,,34858658,Entwodiksyon Nan Syans Done,1047613,0.023809524,,FALSE,FALSE,FALSE,2021-03-03T00:35:39.168Z,2021-03-03T00:35:34.640Z,2021-03-04T11:59:55.997Z,9065740c-ce95-11eb-968f-7c67a234f601
119,2021-03-03T01:00:20.847Z,2071-02-19T01:00:24.000Z,40757540,Entwodiksyon Nan Syans Done,1047613,0.139534884,,FALSE,FALSE,FALSE,2021-03-03T01:00:54.386Z,2021-03-03T01:00:20.000Z,2021-03-14T22:19:55.144Z,
120,2021-03-03T14:07:05.649Z,,40794952,Entwodiksyon Nan Syans Done,1047613,0.023809524,,FALSE,TRUE,FALSE,2021-03-03T14:07:06.002Z,,2021-03-03T14:16:54.551Z,
121,2021-03-03T14:38:09.069Z,2071-02-19T14:38:15.000Z,40796608,Entwodiksyon Nan Syans Done,1047613,0.279069767,,FALSE,FALSE,FALSE,2021-03-03T18:11:17.965Z,2021-03-03T14:38:08.000Z,2021-03-05T05:58:16.429Z,
122,2021-03-03T16:21:53.606Z,,40802803,Entwodiksyon Nan Syans Done,1047613,0,,FALSE,TRUE,FALSE,2021-03-03T16:21:55.011Z,,2021-03-03T16:21:55.013Z,
123,2021-03-04T02:08:06.247Z,2071-02-20T02:08:15.000Z,30768016,Entwodiksyon Nan Syans Done,1047613,0.418604651,,FALSE,FALSE,FALSE,2021-03-04T02:09:44.005Z,2021-03-04T02:08:05.000Z,2021-03-11T15:19:34.866Z,90610a3c-ce95-11eb-a50e-7c67a234f601
124,2021-03-04T18:01:35.290Z,2071-02-20T18:01:49.000Z,40878059,Entwodiksyon Nan Syans Done,1047613,0.88372093,,FALSE,FALSE,FALSE,2021-03-04T18:02:03.225Z,2021-03-04T18:01:35.000Z,2021-03-13T04:49:24.705Z,9064ff26-ce95-11eb-8428-7c67a234f601
125,2021-03-04T22:19:12.075Z,,40897177,Entwodiksyon Nan Syans Done,1047613,0.023255814,,FALSE,TRUE,FALSE,2021-03-04T22:19:12.556Z,,2021-03-04T22:21:21.336Z,
126,2021-03-05T15:32:34.635Z,2071-02-25T07:44:38.000Z,40945919,Entwodiksyon Nan Syans Done,1047613,0.302325581,,FALSE,FALSE,FALSE,2021-03-05T15:32:35.025Z,2021-03-09T07:44:32.000Z,2021-03-14T05:36:22.026Z,90652a93-ce95-11eb-a8af-7c67a234f601
127,2021-03-05T21:34:14.111Z,2071-02-21T21:34:29.000Z,40893642,Entwodiksyon Nan Syans Done,1047613,0.325581395,,FALSE,FALSE,FALSE,2021-03-05T21:34:40.113Z,2021-03-05T21:34:13.000Z,2021-03-13T21:01:59.590Z,906a79ac-ce95-11eb-9f8a-7c67a234f601
128,2021-03-05T21:49:43.074Z,2071-02-21T21:49:47.000Z,40968395,Entwodiksyon Nan Syans Done,1047613,0.302325581,,FALSE,FALSE,FALSE,2021-03-05T21:50:57.672Z,2021-03-05T21:49:42.000Z,2021-03-13T20:04:06.609Z,906a79ab-ce95-11eb-a1b8-7c67a234f601
129,2021-03-08T05:08:50.684Z,2071-02-24T05:09:12.000Z,40976440,Entwodiksyon Nan Syans Done,1047613,0.697674419,,FALSE,FALSE,FALSE,2021-03-09T00:27:53.844Z,2021-03-08T05:08:50.000Z,2021-03-14T20:59:58.974Z,90659b00-ce95-11eb-9e8f-7c67a234f601
130,2021-03-08T17:26:35.715Z,2071-02-24T17:26:38.000Z,41179271,Entwodiksyon Nan Syans Done,1047613,0.348837209,,FALSE,FALSE,FALSE,2021-03-08T17:28:47.207Z,2021-03-08T17:26:35.000Z,2021-03-09T18:27:55.012Z,9064c428-ce95-11eb-a021-7c67a234f601
131,2021-03-08T18:52:09.038Z,2071-02-24T18:52:15.000Z,40973512,Entwodiksyon Nan Syans Done,1047613,0.465116279,,FALSE,FALSE,FALSE,2021-03-08T18:52:25.277Z,2021-03-08T18:52:08.000Z,2021-03-14T20:48:40.197Z,90659aff-ce95-11eb-bcbe-7c67a234f601
132,2021-03-08T19:06:32.719Z,2071-02-24T19:07:20.000Z,41177453,Entwodiksyon Nan Syans Done,1047613,0.418604651,,FALSE,FALSE,FALSE,2021-03-08T19:10:36.694Z,2021-03-08T19:06:32.000Z,2021-03-14T16:28:07.992Z,906b65e2-ce95-11eb-8b5c-7c67a234f601
133,2021-03-08T22:10:00.648Z,2071-02-24T22:10:03.000Z,40797121,Entwodiksyon Nan Syans Done,1047613,0.76744186,,FALSE,FALSE,FALSE,2021-03-08T22:11:22.849Z,2021-03-08T22:10:00.000Z,2021-03-13T21:22:50.754Z,
134,2021-03-09T16:23:41.152Z,2071-02-25T16:24:06.000Z,41248647,Entwodiksyon Nan Syans Done,1047613,0.302325581,,FALSE,FALSE,FALSE,2021-03-09T16:26:12.718Z,2021-03-09T16:23:40.000Z,2021-03-12T20:05:13.684Z,90659b01-ce95-11eb-b7ea-7c67a234f601
135,2021-03-11T17:21:08.831Z,2071-02-27T17:22:28.000Z,41333642,Entwodiksyon Nan Syans Done,1047613,0.255813953,,FALSE,FALSE,FALSE,2021-03-11T17:39:58.221Z,2021-03-11T17:21:08.000Z,2021-03-11T22:11:04.058Z,90694e13-ce95-11eb-bb46-7c67a234f601
136,2021-03-11T18:17:55.814Z,2071-02-27T18:17:58.000Z,40330391,Entwodiksyon Nan Syans Done,1047613,0.046511628,,FALSE,FALSE,FALSE,2021-03-11T19:46:14.375Z,2021-03-11T18:17:55.000Z,2021-03-11T20:21:42.887Z,
137,2021-03-11T19:32:08.189Z,2071-02-27T19:32:15.000Z,41419993,Entwodiksyon Nan Syans Done,1047613,0.302325581,,FALSE,FALSE,FALSE,2021-03-11T23:12:25.047Z,2021-03-11T19:32:08.000Z,2021-03-12T23:12:56.028Z,9066faaf-ce95-11eb-beb4-7c67a234f601
138,2021-03-12T16:40:47.519Z,2071-02-28T16:40:50.000Z,41488437,Entwodiksyon Nan Syans Done,1047613,0.046511628,,FALSE,FALSE,FALSE,2021-03-12T16:41:47.813Z,2021-03-12T16:40:47.000Z,2021-03-12T19:57:31.171Z,9061581f-ce95-11eb-af12-7c67a234f601
139,2021-03-12T19:29:28.112Z,,41501853,Entwodiksyon Nan Syans Done,1047613,0.604651163,,FALSE,FALSE,FALSE,2021-03-12T19:30:06.716Z,2021-03-12T19:29:28.095Z,2021-03-13T17:28:46.398Z,906968f5-ce95-11eb-9e1a-7c67a234f601
140,2021-03-12T20:25:22.271Z,2071-02-28T20:25:36.000Z,41504542,Entwodiksyon Nan Syans Done,1047613,0.279069767,,FALSE,FALSE,FALSE,2021-03-12T20:26:09.828Z,2021-03-12T20:25:22.000Z,2021-03-14T16:55:47.329Z,
141,2021-03-13T00:48:13.622Z,2071-03-01T00:48:23.000Z,40008926,Entwodiksyon Nan Syans Done,1047613,0.279069767,,FALSE,FALSE,FALSE,2021-03-13T00:48:43.217Z,2021-03-13T00:48:13.000Z,2021-03-14T22:01:04.297Z,
142,2021-03-13T03:54:12.215Z,2071-03-01T03:54:14.000Z,41328544,Entwodiksyon Nan Syans Done,1047613,0.023255814,,FALSE,FALSE,FALSE,2021-03-13T03:54:37.293Z,2021-03-13T03:54:12.000Z,2021-03-13T04:04:14.473Z,90691afb-ce95-11eb-a4c3-7c67a234f601
143,2021-03-14T02:16:08.736Z,2071-03-02T02:16:55.000Z,41508160,Entwodiksyon Nan Syans Done,1047613,0.279069767,,FALSE,FALSE,FALSE,2021-03-14T02:18:52.472Z,2021-03-14T02:16:08.000Z,2021-03-14T03:32:18.768Z,906b65e3-ce95-11eb-a294-7c67a234f601
144,2021-03-14T04:20:30.803Z,,41564742,Entwodiksyon Nan Syans Done,1047613,0.023255814,,FALSE,FALSE,FALSE,2021-03-14T04:22:12.626Z,2021-03-14T04:20:30.786Z,2021-03-14T04:48:39.798Z,906636cf-ce95-11eb-8679-7c67a234f601
145,2021-03-14T07:34:09.491Z,2071-03-02T07:34:26.000Z,41569249,Entwodiksyon Nan Syans Done,1047613,0,,FALSE,FALSE,FALSE,,2021-03-14T07:34:09.000Z,2021-03-14T07:34:26.558Z,906241d5-ce95-11eb-9850-7c67a234f601
146,2021-03-14T15:34:39.800Z,,41587952,Entwodiksyon Nan Syans Done,1047613,0.325581395,,FALSE,FALSE,FALSE,2021-03-14T15:34:56.007Z,2021-03-14T15:34:39.768Z,2021-03-14T17:30:53.379Z,906b3c86-ce95-11eb-b6a7-7c67a234f601
147,2021-03-14T17:34:44.861Z,2071-03-02T17:34:52.000Z,41592698,Entwodiksyon Nan Syans Done,1047613,0.046511628,,FALSE,FALSE,FALSE,2021-03-14T17:36:13.505Z,2021-03-14T17:34:44.000Z,2021-03-14T17:39:40.547Z,
