,key,values,quest_id
0,item1,R,905ddcf2-ce95-11eb-9a92-7c67a234f601
1,item11,Excel,905ddcf2-ce95-11eb-9a92-7c67a234f601
2,item2,Python,905e2608-ce95-11eb-809f-7c67a234f601
3,item3,Java,905e2608-ce95-11eb-809f-7c67a234f601
4,item4,JavaScript,905e2608-ce95-11eb-809f-7c67a234f601
5,item10,SQL,905e2608-ce95-11eb-809f-7c67a234f601
6,item11,Excel,905e2608-ce95-11eb-809f-7c67a234f601
7,item12,Bash,905e2608-ce95-11eb-809f-7c67a234f601
8,item14,Git,905e2608-ce95-11eb-809f-7c67a234f601
9,item11,Excel,905e4cf5-ce95-11eb-96a9-7c67a234f601
10,item3,Java,905e4cf5-ce95-11eb-96a9-7c67a234f601
11,item4,JavaScript,905e4cf5-ce95-11eb-96a9-7c67a234f601
12,item8,PHP,905e4cf5-ce95-11eb-96a9-7c67a234f601
13,item2,Python,905e4cf5-ce95-11eb-96a9-7c67a234f601
14,item8,PHP,905e73fd-ce95-11eb-a7b0-7c67a234f601
15,item12,Bash,905e73fd-ce95-11eb-a7b0-7c67a234f601
16,item2,Python,905e9b27-ce95-11eb-9c37-7c67a234f601
17,item11,Excel,905e9b27-ce95-11eb-9c37-7c67a234f601
18,item4,JavaScript,905e9b27-ce95-11eb-9c37-7c67a234f601
19,item3,Java,905e9b27-ce95-11eb-9c37-7c67a234f601
20,item10,SQL,905e9b27-ce95-11eb-9c37-7c67a234f601
21,item1,R,905ec1ec-ce95-11eb-8136-7c67a234f601
22,item2,Python,905ec1ec-ce95-11eb-8136-7c67a234f601
23,item3,Java,905ec1ec-ce95-11eb-8136-7c67a234f601
24,item8,PHP,905ec1ec-ce95-11eb-8136-7c67a234f601
25,item10,SQL,905ec1ec-ce95-11eb-8136-7c67a234f601
26,item11,Excel,905ec1ec-ce95-11eb-8136-7c67a234f601
27,item8,PHP,905ec1ed-ce95-11eb-829c-7c67a234f601
28,item11,Excel,905ec1ed-ce95-11eb-829c-7c67a234f601
29,item3,Java,905ec1ed-ce95-11eb-829c-7c67a234f601
30,item4,JavaScript,905ec1ed-ce95-11eb-829c-7c67a234f601
31,item11,Excel,905ef688-ce95-11eb-9b57-7c67a234f601
32,item11,Excel,905f0fbd-ce95-11eb-b153-7c67a234f601
33,item14,Git,905f0fbd-ce95-11eb-b153-7c67a234f601
34,item3,Java,905f0fbd-ce95-11eb-b153-7c67a234f601
35,item13,PowerBI or Tableau,905f0fbd-ce95-11eb-b153-7c67a234f601
36,other,other,905f0fbd-ce95-11eb-b153-7c67a234f601
37,item11,Excel,905f0fbe-ce95-11eb-8396-7c67a234f601
38,item4,JavaScript,905f0fbe-ce95-11eb-8396-7c67a234f601
39,item2,Python,905f0fbe-ce95-11eb-8396-7c67a234f601
40,item12,Bash,905f36c8-ce95-11eb-bef0-7c67a234f601
41,item10,SQL,905f36c8-ce95-11eb-bef0-7c67a234f601
42,item8,PHP,905f36c8-ce95-11eb-bef0-7c67a234f601
43,item11,Excel,905f36c9-ce95-11eb-aa33-7c67a234f601
44,item10,SQL,905f36c9-ce95-11eb-aa33-7c67a234f601
45,item11,Excel,905f36ca-ce95-11eb-9411-7c67a234f601
46,item4,JavaScript,905f5dbf-ce95-11eb-a1fb-7c67a234f601
47,item8,PHP,905f5dbf-ce95-11eb-a1fb-7c67a234f601
48,item10,SQL,905f5dbf-ce95-11eb-a1fb-7c67a234f601
49,item11,Excel,905f5dbf-ce95-11eb-a1fb-7c67a234f601
50,item11,Excel,905f5dc0-ce95-11eb-8056-7c67a234f601
51,item3,Java,905f5dc0-ce95-11eb-8056-7c67a234f601
52,item1,R,905f5dc1-ce95-11eb-bfa7-7c67a234f601
53,item2,Python,905f5dc1-ce95-11eb-bfa7-7c67a234f601
54,item3,Java,905f5dc1-ce95-11eb-bfa7-7c67a234f601
55,item8,PHP,905f84ab-ce95-11eb-8886-7c67a234f601
56,item10,SQL,905f84ab-ce95-11eb-8886-7c67a234f601
57,item11,Excel,905f84ab-ce95-11eb-8886-7c67a234f601
58,item14,Git,905f84ab-ce95-11eb-8886-7c67a234f601
59,item4,JavaScript,905f84ab-ce95-11eb-8886-7c67a234f601
60,item3,Java,905f84ab-ce95-11eb-8886-7c67a234f601
61,item2,Python,905f84ac-ce95-11eb-bf5f-7c67a234f601
62,item4,JavaScript,905f84ac-ce95-11eb-bf5f-7c67a234f601
63,item10,SQL,905f84ac-ce95-11eb-bf5f-7c67a234f601
64,item11,Excel,905f84ac-ce95-11eb-bf5f-7c67a234f601
65,item1,R,905f84ac-ce95-11eb-bf5f-7c67a234f601
66,item3,Java,905f84ac-ce95-11eb-bf5f-7c67a234f601
67,item3,Java,905fab9d-ce95-11eb-a1ed-7c67a234f601
68,item10,SQL,905fab9d-ce95-11eb-a1ed-7c67a234f601
69,item11,Excel,905fab9d-ce95-11eb-a1ed-7c67a234f601
70,item8,PHP,905fab9d-ce95-11eb-a1ed-7c67a234f601
71,item4,JavaScript,905fab9d-ce95-11eb-a1ed-7c67a234f601
72,item2,Python,905fab9d-ce95-11eb-a1ed-7c67a234f601
73,item11,Excel,905fab9e-ce95-11eb-a53d-7c67a234f601
74,item11,Excel,905ff97f-ce95-11eb-a994-7c67a234f601
75,other,other,905ff97f-ce95-11eb-a994-7c67a234f601
76,item8,PHP,905ff980-ce95-11eb-98b7-7c67a234f601
77,item10,SQL,905ff980-ce95-11eb-98b7-7c67a234f601
78,item11,Excel,905ff980-ce95-11eb-98b7-7c67a234f601
79,other,other,905ff980-ce95-11eb-98b7-7c67a234f601
80,item11,Excel,90602078-ce95-11eb-bc1d-7c67a234f601
81,item4,JavaScript,906036c8-ce95-11eb-8c78-7c67a234f601
82,item11,Excel,9060477c-ce95-11eb-ace3-7c67a234f601
83,item10,SQL,9060477c-ce95-11eb-ace3-7c67a234f601
84,item11,Excel,9060477d-ce95-11eb-ab2e-7c67a234f601
85,item4,JavaScript,9060477d-ce95-11eb-ab2e-7c67a234f601
86,item3,Java,9060477d-ce95-11eb-ab2e-7c67a234f601
87,item8,PHP,9060477d-ce95-11eb-ab2e-7c67a234f601
88,item10,SQL,9060477d-ce95-11eb-ab2e-7c67a234f601
89,item1,R,9060617e-ce95-11eb-bd26-7c67a234f601
90,item2,Python,9060617e-ce95-11eb-bd26-7c67a234f601
91,item3,Java,9060617e-ce95-11eb-bd26-7c67a234f601
92,item4,JavaScript,9060617e-ce95-11eb-bd26-7c67a234f601
93,item10,SQL,9060617e-ce95-11eb-bd26-7c67a234f601
94,item11,Excel,9060617e-ce95-11eb-bd26-7c67a234f601
95,item14,Git,9060617e-ce95-11eb-bd26-7c67a234f601
96,item11,Excel,906073cb-ce95-11eb-acb0-7c67a234f601
97,item2,Python,906073cb-ce95-11eb-acb0-7c67a234f601
98,item3,Java,906073cb-ce95-11eb-acb0-7c67a234f601
99,item4,JavaScript,906073cc-ce95-11eb-aac4-7c67a234f601
100,item8,PHP,906073cc-ce95-11eb-aac4-7c67a234f601
101,item10,SQL,906073cc-ce95-11eb-aac4-7c67a234f601
102,item14,Git,906073cc-ce95-11eb-aac4-7c67a234f601
103,item11,Excel,906073cc-ce95-11eb-aac4-7c67a234f601
104,item11,Excel,90609554-ce95-11eb-a24a-7c67a234f601
105,item11,Excel,90609555-ce95-11eb-b61a-7c67a234f601
106,item11,Excel,9060c2e6-ce95-11eb-b8b8-7c67a234f601
107,item2,Python,9060cbb2-ce95-11eb-bac1-7c67a234f601
108,item11,Excel,9060cbb2-ce95-11eb-bac1-7c67a234f601
109,item1,R,9060e347-ce95-11eb-abbb-7c67a234f601
110,item11,Excel,9060e347-ce95-11eb-abbb-7c67a234f601
111,item11,Excel,90610a3c-ce95-11eb-a50e-7c67a234f601
112,item11,Excel,90611cd3-ce95-11eb-bebc-7c67a234f601
113,item4,JavaScript,90611cd4-ce95-11eb-a328-7c67a234f601
114,item11,Excel,90611cd4-ce95-11eb-a328-7c67a234f601
115,item11,Excel,9061312a-ce95-11eb-ba28-7c67a234f601
116,other,other,9061312a-ce95-11eb-ba28-7c67a234f601
117,item11,Excel,90614c17-ce95-11eb-b604-7c67a234f601
118,item3,Java,9061581f-ce95-11eb-af12-7c67a234f601
119,item8,PHP,9061581f-ce95-11eb-af12-7c67a234f601
120,item10,SQL,9061581f-ce95-11eb-af12-7c67a234f601
121,item11,Excel,9061581f-ce95-11eb-af12-7c67a234f601
122,other,other,9061581f-ce95-11eb-af12-7c67a234f601
123,item4,JavaScript,90615820-ce95-11eb-9088-7c67a234f601
124,item11,Excel,90615820-ce95-11eb-9088-7c67a234f601
125,item2,Python,90615820-ce95-11eb-9088-7c67a234f601
126,item3,Java,90615820-ce95-11eb-9088-7c67a234f601
127,item10,SQL,90615820-ce95-11eb-9088-7c67a234f601
128,item8,PHP,90615820-ce95-11eb-9088-7c67a234f601
129,other,other,90615820-ce95-11eb-9088-7c67a234f601
130,item2,Python,906178f8-ce95-11eb-95e9-7c67a234f601
131,item11,Excel,90617f12-ce95-11eb-a3c8-7c67a234f601
132,other,other,90617f12-ce95-11eb-a3c8-7c67a234f601
133,item11,Excel,90617f13-ce95-11eb-bc4e-7c67a234f601
134,item2,Python,90617f13-ce95-11eb-bc4e-7c67a234f601
135,item11,Excel,9061a61c-ce95-11eb-ba30-7c67a234f601
136,item1,R,9061a61d-ce95-11eb-a939-7c67a234f601
137,item2,Python,9061a61d-ce95-11eb-a939-7c67a234f601
138,item11,Excel,9061a61d-ce95-11eb-a939-7c67a234f601
139,item14,Git,9061a61d-ce95-11eb-a939-7c67a234f601
140,other,other,9061a61d-ce95-11eb-a939-7c67a234f601
141,item10,SQL,9061a61d-ce95-11eb-a939-7c67a234f601
142,item11,Excel,9061d752-ce95-11eb-afc7-7c67a234f601
143,item2,Python,9061d753-ce95-11eb-967a-7c67a234f601
144,item11,Excel,9061d753-ce95-11eb-967a-7c67a234f601
145,other,other,9061d753-ce95-11eb-967a-7c67a234f601
146,item10,SQL,9061d753-ce95-11eb-967a-7c67a234f601
147,item4,JavaScript,9061d754-ce95-11eb-a086-7c67a234f601
148,item3,Java,9061d754-ce95-11eb-a086-7c67a234f601
149,item10,SQL,9061d754-ce95-11eb-a086-7c67a234f601
150,item8,PHP,9061d754-ce95-11eb-a086-7c67a234f601
151,item11,Excel,9061d754-ce95-11eb-a086-7c67a234f601
152,item14,Git,9061d754-ce95-11eb-a086-7c67a234f601
153,item4,JavaScript,9061f3ee-ce95-11eb-a9d9-7c67a234f601
154,item3,Java,9061f3ee-ce95-11eb-a9d9-7c67a234f601
155,item11,Excel,9061f3ee-ce95-11eb-a9d9-7c67a234f601
156,item11,Excel,90620452-ce95-11eb-9ec8-7c67a234f601
157,item10,SQL,90620453-ce95-11eb-bb57-7c67a234f601
158,item11,Excel,90620453-ce95-11eb-bb57-7c67a234f601
159,item8,PHP,90620453-ce95-11eb-bb57-7c67a234f601
160,item4,JavaScript,90620453-ce95-11eb-bb57-7c67a234f601
161,item12,Bash,90621ae1-ce95-11eb-8a7d-7c67a234f601
162,item11,Excel,90621ae1-ce95-11eb-8a7d-7c67a234f601
163,item10,SQL,90621ae1-ce95-11eb-8a7d-7c67a234f601
164,item2,Python,90622d22-ce95-11eb-a50b-7c67a234f601
165,item8,PHP,90622d22-ce95-11eb-a50b-7c67a234f601
166,item11,Excel,90622d22-ce95-11eb-a50b-7c67a234f601
167,other,other,90622d22-ce95-11eb-a50b-7c67a234f601
168,item4,JavaScript,90622d23-ce95-11eb-8598-7c67a234f601
169,item11,Excel,906241d4-ce95-11eb-a1eb-7c67a234f601
170,item13,PowerBI or Tableau,906241d4-ce95-11eb-a1eb-7c67a234f601
171,item3,Java,906241d5-ce95-11eb-9850-7c67a234f601
172,item8,PHP,906241d5-ce95-11eb-9850-7c67a234f601
173,item10,SQL,906241d5-ce95-11eb-9850-7c67a234f601
174,item11,Excel,906241d5-ce95-11eb-9850-7c67a234f601
175,item14,Git,906241d5-ce95-11eb-9850-7c67a234f601
176,item4,JavaScript,906241d5-ce95-11eb-9850-7c67a234f601
177,item10,SQL,90625b11-ce95-11eb-b351-7c67a234f601
178,item8,PHP,90625b11-ce95-11eb-b351-7c67a234f601
179,item4,JavaScript,90625b11-ce95-11eb-b351-7c67a234f601
180,item3,Java,90625b11-ce95-11eb-b351-7c67a234f601
181,item2,Python,90625b11-ce95-11eb-b351-7c67a234f601
182,item11,Excel,90625b11-ce95-11eb-b351-7c67a234f601
183,item14,Git,90625b11-ce95-11eb-b351-7c67a234f601
184,item10,SQL,90626928-ce95-11eb-8f5e-7c67a234f601
185,item3,Java,90626928-ce95-11eb-8f5e-7c67a234f601
186,item2,Python,90626928-ce95-11eb-8f5e-7c67a234f601
187,item11,Excel,90626928-ce95-11eb-8f5e-7c67a234f601
188,item11,Excel,90626929-ce95-11eb-86fe-7c67a234f601
189,item2,Python,9062692a-ce95-11eb-8ab8-7c67a234f601
190,other,other,9062692a-ce95-11eb-8ab8-7c67a234f601
191,item11,Excel,90628a02-ce95-11eb-9291-7c67a234f601
192,item11,Excel,90628fbe-ce95-11eb-bb9e-7c67a234f601
193,item1,R,90628fbf-ce95-11eb-819c-7c67a234f601
194,item2,Python,90628fbf-ce95-11eb-819c-7c67a234f601
195,item10,SQL,90628fbf-ce95-11eb-819c-7c67a234f601
196,item13,PowerBI or Tableau,90628fbf-ce95-11eb-819c-7c67a234f601
197,item11,Excel,90628fbf-ce95-11eb-819c-7c67a234f601
198,item2,Python,90628fc0-ce95-11eb-8dae-7c67a234f601
199,item8,PHP,90628fc0-ce95-11eb-8dae-7c67a234f601
200,item10,SQL,90628fc0-ce95-11eb-8dae-7c67a234f601
201,item11,Excel,90628fc0-ce95-11eb-8dae-7c67a234f601
202,item14,Git,90628fc0-ce95-11eb-8dae-7c67a234f601
203,item3,Java,9062b753-ce95-11eb-8959-7c67a234f601
204,item11,Excel,9062b754-ce95-11eb-b31e-7c67a234f601
205,item11,Excel,9062b755-ce95-11eb-85a2-7c67a234f601
206,item11,Excel,9062ddb1-ce95-11eb-bd2f-7c67a234f601
207,item4,JavaScript,9062ddb2-ce95-11eb-89d0-7c67a234f601
208,item8,PHP,9062ddb2-ce95-11eb-89d0-7c67a234f601
209,item10,SQL,9062ddb2-ce95-11eb-89d0-7c67a234f601
210,item3,Java,9062ddb2-ce95-11eb-89d0-7c67a234f601
211,item14,Git,9062ddb2-ce95-11eb-89d0-7c67a234f601
212,item11,Excel,9062ddb3-ce95-11eb-acc8-7c67a234f601
213,item3,Java,9062ddb3-ce95-11eb-acc8-7c67a234f601
214,item1,R,906304a6-ce95-11eb-b475-7c67a234f601
215,item3,Java,906304a6-ce95-11eb-b475-7c67a234f601
216,item4,JavaScript,906304a6-ce95-11eb-b475-7c67a234f601
217,item8,PHP,906304a6-ce95-11eb-b475-7c67a234f601
218,item14,Git,906304a6-ce95-11eb-b475-7c67a234f601
219,item11,Excel,906304a6-ce95-11eb-b475-7c67a234f601
220,item10,SQL,906304a6-ce95-11eb-b475-7c67a234f601
221,item3,Java,906304a7-ce95-11eb-b805-7c67a234f601
222,item10,SQL,906304a7-ce95-11eb-b805-7c67a234f601
223,item8,PHP,906304a7-ce95-11eb-b805-7c67a234f601
224,item4,JavaScript,90632b9f-ce95-11eb-bb7f-7c67a234f601
225,item11,Excel,90632b9f-ce95-11eb-bb7f-7c67a234f601
226,other,other,90632ba0-ce95-11eb-b7c2-7c67a234f601
227,item4,JavaScript,9063799a-ce95-11eb-b32b-7c67a234f601
228,item3,Java,9063799a-ce95-11eb-b32b-7c67a234f601
229,item8,PHP,9063799a-ce95-11eb-b32b-7c67a234f601
230,item10,SQL,9063799a-ce95-11eb-b32b-7c67a234f601
231,item11,Excel,9063799a-ce95-11eb-b32b-7c67a234f601
232,item12,Bash,9063799a-ce95-11eb-b32b-7c67a234f601
233,item3,Java,9063a260-ce95-11eb-87e8-7c67a234f601
234,item8,PHP,9063a260-ce95-11eb-87e8-7c67a234f601
235,item11,Excel,9063a260-ce95-11eb-87e8-7c67a234f601
236,item14,Git,9063a260-ce95-11eb-87e8-7c67a234f601
237,item11,Excel,9063c77d-ce95-11eb-a120-7c67a234f601
238,other,other,9063c77d-ce95-11eb-a120-7c67a234f601
239,other,other,9063c77e-ce95-11eb-81b3-7c67a234f601
240,item11,Excel,9063c77e-ce95-11eb-81b3-7c67a234f601
241,item8,PHP,9063ee76-ce95-11eb-a84b-7c67a234f601
242,item10,SQL,9063ee76-ce95-11eb-a84b-7c67a234f601
243,item11,Excel,9063ee76-ce95-11eb-a84b-7c67a234f601
244,item3,Java,9063ee76-ce95-11eb-a84b-7c67a234f601
245,item14,Git,9063ee76-ce95-11eb-a84b-7c67a234f601
246,item4,JavaScript,9063ee77-ce95-11eb-9098-7c67a234f601
247,item14,Git,9063ee78-ce95-11eb-a8d6-7c67a234f601
248,item10,SQL,9063ee78-ce95-11eb-a8d6-7c67a234f601
249,item4,JavaScript,9063ee78-ce95-11eb-a8d6-7c67a234f601
250,other,other,9063ee78-ce95-11eb-a8d6-7c67a234f601
251,item1,R,9063ee78-ce95-11eb-a8d6-7c67a234f601
252,item8,PHP,90642613-ce95-11eb-8b26-7c67a234f601
253,item3,Java,90642613-ce95-11eb-8b26-7c67a234f601
254,item10,SQL,90642613-ce95-11eb-8b26-7c67a234f601
255,item11,Excel,90642613-ce95-11eb-8b26-7c67a234f601
256,item4,JavaScript,90642613-ce95-11eb-8b26-7c67a234f601
257,item10,SQL,90642614-ce95-11eb-8db0-7c67a234f601
258,item11,Excel,90642614-ce95-11eb-8db0-7c67a234f601
259,item3,Java,90642614-ce95-11eb-8db0-7c67a234f601
260,item8,PHP,90642614-ce95-11eb-8db0-7c67a234f601
261,item2,Python,90643c59-ce95-11eb-aec2-7c67a234f601
262,item3,Java,90643c59-ce95-11eb-aec2-7c67a234f601
263,item11,Excel,90643c59-ce95-11eb-aec2-7c67a234f601
264,item14,Git,90643c59-ce95-11eb-aec2-7c67a234f601
265,item10,SQL,90643c59-ce95-11eb-aec2-7c67a234f601
266,item8,PHP,90643c59-ce95-11eb-aec2-7c67a234f601
267,item3,Java,90643c5a-ce95-11eb-b510-7c67a234f601
268,item4,JavaScript,90643c5a-ce95-11eb-b510-7c67a234f601
269,item8,PHP,90643c5a-ce95-11eb-b510-7c67a234f601
270,item11,Excel,90646353-ce95-11eb-9f27-7c67a234f601
271,other,other,90646353-ce95-11eb-9f27-7c67a234f601
272,item2,Python,90646354-ce95-11eb-a5c9-7c67a234f601
273,item11,Excel,90646354-ce95-11eb-a5c9-7c67a234f601
274,item11,Excel,90646355-ce95-11eb-ae9f-7c67a234f601
275,item11,Excel,9064923a-ce95-11eb-a2ad-7c67a234f601
276,item3,Java,9064923a-ce95-11eb-a2ad-7c67a234f601
277,item10,SQL,9064923b-ce95-11eb-a771-7c67a234f601
278,item3,Java,9064923b-ce95-11eb-a771-7c67a234f601
279,item4,JavaScript,9064b6be-ce95-11eb-b2ac-7c67a234f601
280,item8,PHP,9064b6be-ce95-11eb-b2ac-7c67a234f601
281,item11,Excel,9064b6be-ce95-11eb-b2ac-7c67a234f601
282,item11,Excel,9064c427-ce95-11eb-9d48-7c67a234f601
283,item3,Java,9064c428-ce95-11eb-a021-7c67a234f601
284,item4,JavaScript,9064c428-ce95-11eb-a021-7c67a234f601
285,item8,PHP,9064c428-ce95-11eb-a021-7c67a234f601
286,item10,SQL,9064c428-ce95-11eb-a021-7c67a234f601
287,other,other,9064c428-ce95-11eb-a021-7c67a234f601
288,item1,R,9064d839-ce95-11eb-8172-7c67a234f601
289,item10,SQL,9064d839-ce95-11eb-8172-7c67a234f601
290,item11,Excel,9064d839-ce95-11eb-8172-7c67a234f601
291,item10,SQL,9064d83a-ce95-11eb-9bef-7c67a234f601
292,item11,Excel,9064d83a-ce95-11eb-9bef-7c67a234f601
293,item11,Excel,9064d83b-ce95-11eb-a034-7c67a234f601
294,item10,SQL,9064d83b-ce95-11eb-a034-7c67a234f601
295,item13,PowerBI or Tableau,9064d83b-ce95-11eb-a034-7c67a234f601
296,item3,Java,9064d83b-ce95-11eb-a034-7c67a234f601
297,item8,PHP,9064d83b-ce95-11eb-a034-7c67a234f601
298,item1,R,9064d83c-ce95-11eb-bc96-7c67a234f601
299,item9,VBA,9064d83c-ce95-11eb-bc96-7c67a234f601
300,item11,Excel,9064d83c-ce95-11eb-bc96-7c67a234f601
301,item11,Excel,9064ff26-ce95-11eb-8428-7c67a234f601
302,item1,R,9064ff27-ce95-11eb-aaa6-7c67a234f601
303,item2,Python,9064ff27-ce95-11eb-aaa6-7c67a234f601
304,item3,Java,9064ff27-ce95-11eb-aaa6-7c67a234f601
305,item10,SQL,9064ff27-ce95-11eb-aaa6-7c67a234f601
306,item11,Excel,9064ff27-ce95-11eb-aaa6-7c67a234f601
307,item13,PowerBI or Tableau,9064ff27-ce95-11eb-aaa6-7c67a234f601
308,item12,Bash,9064ff27-ce95-11eb-aaa6-7c67a234f601
309,item10,SQL,9064ff28-ce95-11eb-857f-7c67a234f601
310,item3,Java,9064ff28-ce95-11eb-857f-7c67a234f601
311,item11,Excel,9064ff2a-ce95-11eb-8430-7c67a234f601
312,item11,Excel,90652a93-ce95-11eb-a8af-7c67a234f601
313,item11,Excel,90652a94-ce95-11eb-892d-7c67a234f601
314,item11,Excel,90652a95-ce95-11eb-8845-7c67a234f601
315,item4,JavaScript,90652a95-ce95-11eb-8845-7c67a234f601
316,item3,Java,90652a95-ce95-11eb-8845-7c67a234f601
317,item1,R,90652a96-ce95-11eb-97b2-7c67a234f601
318,item2,Python,90652a96-ce95-11eb-97b2-7c67a234f601
319,item3,Java,90652a96-ce95-11eb-97b2-7c67a234f601
320,item10,SQL,90652a96-ce95-11eb-97b2-7c67a234f601
321,item11,Excel,90652a96-ce95-11eb-97b2-7c67a234f601
322,item8,PHP,90652a97-ce95-11eb-856d-7c67a234f601
323,item10,SQL,90652a97-ce95-11eb-856d-7c67a234f601
324,item11,Excel,90652a97-ce95-11eb-856d-7c67a234f601
325,item11,Excel,906555be-ce95-11eb-9d03-7c67a234f601
326,item11,Excel,906555bf-ce95-11eb-92ac-7c67a234f601
327,item11,Excel,906555c0-ce95-11eb-a091-7c67a234f601
328,other,other,906555c0-ce95-11eb-a091-7c67a234f601
329,item10,SQL,906555c1-ce95-11eb-95e0-7c67a234f601
330,item4,JavaScript,906555c1-ce95-11eb-95e0-7c67a234f601
331,item3,Java,906555c1-ce95-11eb-95e0-7c67a234f601
332,item2,Python,906555c1-ce95-11eb-95e0-7c67a234f601
333,item11,Excel,906555c1-ce95-11eb-95e0-7c67a234f601
334,item11,Excel,9065740c-ce95-11eb-968f-7c67a234f601
335,item1,R,9065740c-ce95-11eb-968f-7c67a234f601
336,item11,Excel,90658229-ce95-11eb-ab19-7c67a234f601
337,item11,Excel,9065822a-ce95-11eb-9df5-7c67a234f601
338,item1,R,9065822b-ce95-11eb-a3e6-7c67a234f601
339,item2,Python,9065822b-ce95-11eb-a3e6-7c67a234f601
340,item14,Git,9065822b-ce95-11eb-a3e6-7c67a234f601
341,item12,Bash,9065822b-ce95-11eb-a3e6-7c67a234f601
342,item11,Excel,9065822b-ce95-11eb-a3e6-7c67a234f601
343,item8,PHP,9065822b-ce95-11eb-a3e6-7c67a234f601
344,item2,Python,90659aff-ce95-11eb-bcbe-7c67a234f601
345,item11,Excel,90659aff-ce95-11eb-bcbe-7c67a234f601
346,item1,R,90659b00-ce95-11eb-9e8f-7c67a234f601
347,item3,Java,90659b00-ce95-11eb-9e8f-7c67a234f601
348,item2,Python,90659b00-ce95-11eb-9e8f-7c67a234f601
349,item11,Excel,90659b00-ce95-11eb-9e8f-7c67a234f601
350,item10,SQL,90659b01-ce95-11eb-b7ea-7c67a234f601
351,item11,Excel,90659b01-ce95-11eb-b7ea-7c67a234f601
352,item11,Excel,90659b02-ce95-11eb-a379-7c67a234f601
353,item2,Python,9065cffb-ce95-11eb-b326-7c67a234f601
354,item1,R,9065cffb-ce95-11eb-b326-7c67a234f601
355,item8,PHP,9065cffb-ce95-11eb-b326-7c67a234f601
356,item10,SQL,9065cffb-ce95-11eb-b326-7c67a234f601
357,item13,PowerBI or Tableau,9065cffb-ce95-11eb-b326-7c67a234f601
358,item11,Excel,9065cffb-ce95-11eb-b326-7c67a234f601
359,item14,Git,9065cffb-ce95-11eb-b326-7c67a234f601
360,other,other,9065cffb-ce95-11eb-b326-7c67a234f601
361,item11,Excel,9065e939-ce95-11eb-9702-7c67a234f601
362,item11,Excel,9065e93a-ce95-11eb-887d-7c67a234f601
363,item3,Java,9065e93a-ce95-11eb-887d-7c67a234f601
364,item4,JavaScript,9065e93a-ce95-11eb-887d-7c67a234f601
365,item8,PHP,90660fe1-ce95-11eb-a30e-7c67a234f601
366,item4,JavaScript,90660fe1-ce95-11eb-a30e-7c67a234f601
367,item3,Java,90660fe1-ce95-11eb-a30e-7c67a234f601
368,item10,SQL,90660fe1-ce95-11eb-a30e-7c67a234f601
369,item11,Excel,90660fe1-ce95-11eb-a30e-7c67a234f601
370,item2,Python,90660fe1-ce95-11eb-a30e-7c67a234f601
371,item11,Excel,90660fe2-ce95-11eb-a2b5-7c67a234f601
372,item13,PowerBI or Tableau,90660fe2-ce95-11eb-a2b5-7c67a234f601
373,item4,JavaScript,90660fe3-ce95-11eb-8747-7c67a234f601
374,item2,Python,90660fe3-ce95-11eb-8747-7c67a234f601
375,item11,Excel,906636ce-ce95-11eb-ba43-7c67a234f601
376,item13,PowerBI or Tableau,906636ce-ce95-11eb-ba43-7c67a234f601
377,item9,VBA,906636cf-ce95-11eb-8679-7c67a234f601
378,item10,SQL,906636cf-ce95-11eb-8679-7c67a234f601
379,item11,Excel,906636cf-ce95-11eb-8679-7c67a234f601
380,item13,PowerBI or Tableau,906636cf-ce95-11eb-8679-7c67a234f601
381,other,other,906636cf-ce95-11eb-8679-7c67a234f601
382,item11,Excel,906636d0-ce95-11eb-9875-7c67a234f601
383,item11,Excel,906636d1-ce95-11eb-8379-7c67a234f601
384,item11,Excel,90665dbc-ce95-11eb-8162-7c67a234f601
385,item11,Excel,90665dbd-ce95-11eb-bcc1-7c67a234f601
386,item2,Python,90665dbd-ce95-11eb-bcc1-7c67a234f601
387,item2,Python,90665dbe-ce95-11eb-b66a-7c67a234f601
388,item3,Java,90665dbf-ce95-11eb-a9b5-7c67a234f601
389,item10,SQL,90665dbf-ce95-11eb-a9b5-7c67a234f601
390,item11,Excel,90665dbf-ce95-11eb-a9b5-7c67a234f601
391,item2,Python,90665dc0-ce95-11eb-926f-7c67a234f601
392,item11,Excel,90665dc0-ce95-11eb-926f-7c67a234f601
393,item10,SQL,90665dc0-ce95-11eb-926f-7c67a234f601
394,item14,Git,90665dc0-ce95-11eb-926f-7c67a234f601
395,item3,Java,90665dc0-ce95-11eb-926f-7c67a234f601
396,item3,Java,90668798-ce95-11eb-86fc-7c67a234f601
397,item8,PHP,90668798-ce95-11eb-86fc-7c67a234f601
398,item10,SQL,90668798-ce95-11eb-86fc-7c67a234f601
399,item11,Excel,90668798-ce95-11eb-86fc-7c67a234f601
400,item11,Excel,90668799-ce95-11eb-b4ec-7c67a234f601
401,item3,Java,9066879a-ce95-11eb-bafa-7c67a234f601
402,item11,Excel,9066879b-ce95-11eb-9d4a-7c67a234f601
403,item10,SQL,9066879b-ce95-11eb-9d4a-7c67a234f601
404,item8,PHP,9066879b-ce95-11eb-9d4a-7c67a234f601
405,item3,Java,9066879b-ce95-11eb-9d4a-7c67a234f601
406,other,other,9066879b-ce95-11eb-9d4a-7c67a234f601
407,item1,R,9066abb5-ce95-11eb-aa16-7c67a234f601
408,item2,Python,9066abb5-ce95-11eb-aa16-7c67a234f601
409,item11,Excel,9066abb5-ce95-11eb-aa16-7c67a234f601
410,item3,Java,9066abb5-ce95-11eb-aa16-7c67a234f601
411,item3,Java,9066abb6-ce95-11eb-b526-7c67a234f601
412,item11,Excel,9066abb6-ce95-11eb-b526-7c67a234f601
413,item1,R,9066abb7-ce95-11eb-846d-7c67a234f601
414,item11,Excel,9066abb8-ce95-11eb-b61d-7c67a234f601
415,item1,R,9066abb9-ce95-11eb-af6a-7c67a234f601
416,item3,Java,9066abb9-ce95-11eb-af6a-7c67a234f601
417,item11,Excel,9066abb9-ce95-11eb-af6a-7c67a234f601
418,item11,Excel,9066d2aa-ce95-11eb-b221-7c67a234f601
419,item2,Python,9066d2ab-ce95-11eb-be67-7c67a234f601
420,item11,Excel,9066d2ab-ce95-11eb-be67-7c67a234f601
421,other,other,9066d2ab-ce95-11eb-be67-7c67a234f601
422,item11,Excel,9066d2ac-ce95-11eb-8752-7c67a234f601
423,item10,SQL,9066d2ac-ce95-11eb-8752-7c67a234f601
424,item8,PHP,9066d2ac-ce95-11eb-8752-7c67a234f601
425,item9,VBA,9066d2ad-ce95-11eb-82c7-7c67a234f601
426,item10,SQL,9066d2ad-ce95-11eb-82c7-7c67a234f601
427,item11,Excel,9066d2ad-ce95-11eb-82c7-7c67a234f601
428,item11,Excel,9066faad-ce95-11eb-a4b7-7c67a234f601
429,item2,Python,9066faad-ce95-11eb-a4b7-7c67a234f601
430,item3,Java,9066faad-ce95-11eb-a4b7-7c67a234f601
431,item1,R,9066faae-ce95-11eb-9b99-7c67a234f601
432,item2,Python,9066faae-ce95-11eb-9b99-7c67a234f601
433,item3,Java,9066faae-ce95-11eb-9b99-7c67a234f601
434,item4,JavaScript,9066faae-ce95-11eb-9b99-7c67a234f601
435,item10,SQL,9066faae-ce95-11eb-9b99-7c67a234f601
436,item11,Excel,9066faae-ce95-11eb-9b99-7c67a234f601
437,item8,PHP,9066faaf-ce95-11eb-beb4-7c67a234f601
438,item10,SQL,9066faaf-ce95-11eb-beb4-7c67a234f601
439,item1,R,9066fab0-ce95-11eb-ba75-7c67a234f601
440,item11,Excel,9066fab1-ce95-11eb-a4e2-7c67a234f601
441,item4,JavaScript,9066fab1-ce95-11eb-a4e2-7c67a234f601
442,item11,Excel,90672094-ce95-11eb-9bfe-7c67a234f601
443,item3,Java,90672095-ce95-11eb-a84d-7c67a234f601
444,item4,JavaScript,90672095-ce95-11eb-a84d-7c67a234f601
445,item8,PHP,90672095-ce95-11eb-a84d-7c67a234f601
446,item10,SQL,90672095-ce95-11eb-a84d-7c67a234f601
447,item11,Excel,90672096-ce95-11eb-9663-7c67a234f601
448,item11,Excel,90672097-ce95-11eb-b73b-7c67a234f601
449,item1,R,90672097-ce95-11eb-b73b-7c67a234f601
450,item13,PowerBI or Tableau,90672097-ce95-11eb-b73b-7c67a234f601
451,item2,Python,90674789-ce95-11eb-ac21-7c67a234f601
452,item4,JavaScript,90674789-ce95-11eb-ac21-7c67a234f601
453,item11,Excel,9067478a-ce95-11eb-bc48-7c67a234f601
454,item10,SQL,9067478a-ce95-11eb-bc48-7c67a234f601
455,item9,VBA,9067478a-ce95-11eb-bc48-7c67a234f601
456,item8,PHP,9067478a-ce95-11eb-bc48-7c67a234f601
457,other,other,9067478b-ce95-11eb-aba9-7c67a234f601
458,item3,Java,9067478c-ce95-11eb-94f6-7c67a234f601
459,item11,Excel,9067478c-ce95-11eb-94f6-7c67a234f601
460,item10,SQL,9067478c-ce95-11eb-94f6-7c67a234f601
461,item8,PHP,90676757-ce95-11eb-85fc-7c67a234f601
462,item10,SQL,90676757-ce95-11eb-85fc-7c67a234f601
463,item11,Excel,90676757-ce95-11eb-85fc-7c67a234f601
464,item12,Bash,90676757-ce95-11eb-85fc-7c67a234f601
465,item2,Python,90676757-ce95-11eb-85fc-7c67a234f601
466,item1,R,90677020-ce95-11eb-a2f6-7c67a234f601
467,item2,Python,90677021-ce95-11eb-a3f5-7c67a234f601
468,item4,JavaScript,90677021-ce95-11eb-a3f5-7c67a234f601
469,item8,PHP,90677021-ce95-11eb-a3f5-7c67a234f601
470,item10,SQL,90677021-ce95-11eb-a3f5-7c67a234f601
471,item11,Excel,90677021-ce95-11eb-a3f5-7c67a234f601
472,item11,Excel,90677022-ce95-11eb-911c-7c67a234f601
473,other,other,90677022-ce95-11eb-911c-7c67a234f601
474,item11,Excel,90677023-ce95-11eb-8bd4-7c67a234f601
475,item8,PHP,9067957a-ce95-11eb-aff1-7c67a234f601
476,item2,Python,9067957a-ce95-11eb-aff1-7c67a234f601
477,item14,Git,9067957a-ce95-11eb-aff1-7c67a234f601
478,item10,SQL,9067957a-ce95-11eb-aff1-7c67a234f601
479,item11,Excel,9067957a-ce95-11eb-aff1-7c67a234f601
480,other,other,9067957b-ce95-11eb-a3f9-7c67a234f601
481,item11,Excel,9067957c-ce95-11eb-9346-7c67a234f601
482,item11,Excel,9067957d-ce95-11eb-82b5-7c67a234f601
483,item8,PHP,9067bc86-ce95-11eb-b97f-7c67a234f601
484,item4,JavaScript,9067bc87-ce95-11eb-977f-7c67a234f601
485,item11,Excel,9067bc87-ce95-11eb-977f-7c67a234f601
486,item10,SQL,9067bc87-ce95-11eb-977f-7c67a234f601
487,item11,Excel,9067ce03-ce95-11eb-8fa0-7c67a234f601
488,item9,VBA,9067ce03-ce95-11eb-8fa0-7c67a234f601
489,item11,Excel,9067e4bf-ce95-11eb-afb1-7c67a234f601
490,item10,SQL,9067e4bf-ce95-11eb-afb1-7c67a234f601
491,item3,Java,9067e4bf-ce95-11eb-afb1-7c67a234f601
492,item1,R,9067e4c0-ce95-11eb-bebe-7c67a234f601
493,item8,PHP,9067e4c1-ce95-11eb-b85a-7c67a234f601
494,item10,SQL,9067e4c1-ce95-11eb-b85a-7c67a234f601
495,item11,Excel,9067e4c1-ce95-11eb-b85a-7c67a234f601
496,item11,Excel,90680a68-ce95-11eb-9881-7c67a234f601
497,other,other,90680a68-ce95-11eb-9881-7c67a234f601
498,item3,Java,90680a69-ce95-11eb-ac13-7c67a234f601
499,item4,JavaScript,90680a69-ce95-11eb-ac13-7c67a234f601
500,item11,Excel,90680a69-ce95-11eb-ac13-7c67a234f601
501,item2,Python,90680a6a-ce95-11eb-bf44-7c67a234f601
502,item1,R,90680a6a-ce95-11eb-bf44-7c67a234f601
503,item3,Java,90680a6a-ce95-11eb-bf44-7c67a234f601
504,item11,Excel,90680a6a-ce95-11eb-bf44-7c67a234f601
505,item2,Python,90680a6b-ce95-11eb-ad05-7c67a234f601
506,item3,Java,90680a6b-ce95-11eb-ad05-7c67a234f601
507,item4,JavaScript,90680a6b-ce95-11eb-ad05-7c67a234f601
508,item8,PHP,90680a6b-ce95-11eb-ad05-7c67a234f601
509,item14,Git,90680a6b-ce95-11eb-ad05-7c67a234f601
510,item10,SQL,90680a6b-ce95-11eb-ad05-7c67a234f601
511,item11,Excel,906836e2-ce95-11eb-b267-7c67a234f601
512,item1,R,90685b18-ce95-11eb-99e6-7c67a234f601
513,item2,Python,90685b18-ce95-11eb-99e6-7c67a234f601
514,item11,Excel,90685b18-ce95-11eb-99e6-7c67a234f601
515,item10,SQL,90685b18-ce95-11eb-99e6-7c67a234f601
516,item8,PHP,90687faf-ce95-11eb-ba86-7c67a234f601
517,item10,SQL,90687faf-ce95-11eb-ba86-7c67a234f601
518,item11,Excel,90687faf-ce95-11eb-ba86-7c67a234f601
519,item2,Python,9068a856-ce95-11eb-bbd6-7c67a234f601
520,item10,SQL,9068a856-ce95-11eb-bbd6-7c67a234f601
521,item11,Excel,9068a856-ce95-11eb-bbd6-7c67a234f601
522,other,other,9068cd1e-ce95-11eb-a722-7c67a234f601
523,item2,Python,9068cd1f-ce95-11eb-b712-7c67a234f601
524,other,other,9068cd1f-ce95-11eb-b712-7c67a234f601
525,item2,Python,9068f405-ce95-11eb-b487-7c67a234f601
526,item1,R,9068f405-ce95-11eb-b487-7c67a234f601
527,item10,SQL,9068f405-ce95-11eb-b487-7c67a234f601
528,item11,Excel,9068f405-ce95-11eb-b487-7c67a234f601
529,item14,Git,9068f405-ce95-11eb-b487-7c67a234f601
530,item3,Java,9068f405-ce95-11eb-b487-7c67a234f601
531,item2,Python,9068f406-ce95-11eb-8144-7c67a234f601
532,item3,Java,9068f406-ce95-11eb-8144-7c67a234f601
533,item8,PHP,9068f406-ce95-11eb-8144-7c67a234f601
534,item8,PHP,9068f407-ce95-11eb-a25c-7c67a234f601
535,item11,Excel,9068f407-ce95-11eb-a25c-7c67a234f601
536,item4,JavaScript,9068f407-ce95-11eb-a25c-7c67a234f601
537,item3,Java,9068f407-ce95-11eb-a25c-7c67a234f601
538,item4,JavaScript,9068f408-ce95-11eb-9caf-7c67a234f601
539,item11,Excel,9068f408-ce95-11eb-9caf-7c67a234f601
540,other,other,9068f408-ce95-11eb-9caf-7c67a234f601
541,item11,Excel,9068f409-ce95-11eb-971f-7c67a234f601
542,item10,SQL,9068f409-ce95-11eb-971f-7c67a234f601
543,item3,Java,90691afb-ce95-11eb-a4c3-7c67a234f601
544,item2,Python,90691afb-ce95-11eb-a4c3-7c67a234f601
545,item4,JavaScript,90691afb-ce95-11eb-a4c3-7c67a234f601
546,item8,PHP,90691afb-ce95-11eb-a4c3-7c67a234f601
547,item10,SQL,90691afb-ce95-11eb-a4c3-7c67a234f601
548,item14,Git,90691afb-ce95-11eb-a4c3-7c67a234f601
549,item11,Excel,90691afc-ce95-11eb-98d0-7c67a234f601
550,item13,PowerBI or Tableau,90691afc-ce95-11eb-98d0-7c67a234f601
551,item8,PHP,90691afd-ce95-11eb-b77d-7c67a234f601
552,item11,Excel,90691afd-ce95-11eb-b77d-7c67a234f601
553,item10,SQL,90691afd-ce95-11eb-b77d-7c67a234f601
554,item11,Excel,90691afe-ce95-11eb-bc64-7c67a234f601
555,item11,Excel,90694207-ce95-11eb-b358-7c67a234f601
556,item11,Excel,90694e10-ce95-11eb-b312-7c67a234f601
557,item1,R,90694e11-ce95-11eb-838b-7c67a234f601
558,item2,Python,90694e11-ce95-11eb-838b-7c67a234f601
559,item11,Excel,90694e11-ce95-11eb-838b-7c67a234f601
560,item2,Python,90694e12-ce95-11eb-812d-7c67a234f601
561,item11,Excel,90694e13-ce95-11eb-bb46-7c67a234f601
562,item11,Excel,906968f5-ce95-11eb-9e1a-7c67a234f601
563,item13,PowerBI or Tableau,906968f5-ce95-11eb-9e1a-7c67a234f601
564,item1,R,9069789d-ce95-11eb-990c-7c67a234f601
565,item10,SQL,9069789d-ce95-11eb-990c-7c67a234f601
566,item11,Excel,9069789d-ce95-11eb-990c-7c67a234f601
567,item13,PowerBI or Tableau,9069789d-ce95-11eb-990c-7c67a234f601
568,other,other,9069789d-ce95-11eb-990c-7c67a234f601
569,item3,Java,9069789e-ce95-11eb-883e-7c67a234f601
570,item8,PHP,9069789e-ce95-11eb-883e-7c67a234f601
571,item12,Bash,9069789f-ce95-11eb-9788-7c67a234f601
572,item11,Excel,9069789f-ce95-11eb-9788-7c67a234f601
573,item14,Git,9069789f-ce95-11eb-9788-7c67a234f601
574,item2,Python,9069789f-ce95-11eb-9788-7c67a234f601
575,item4,JavaScript,9069789f-ce95-11eb-9788-7c67a234f601
576,item11,Excel,90698fe9-ce95-11eb-a607-7c67a234f601
577,item4,JavaScript,90698fea-ce95-11eb-ae89-7c67a234f601
578,item11,Excel,90698fea-ce95-11eb-ae89-7c67a234f601
579,item14,Git,90698fea-ce95-11eb-ae89-7c67a234f601
580,item2,Python,90698fea-ce95-11eb-ae89-7c67a234f601
581,item11,Excel,9069a205-ce95-11eb-be5a-7c67a234f601
582,item8,PHP,9069a206-ce95-11eb-9c6f-7c67a234f601
583,item10,SQL,9069a206-ce95-11eb-9c6f-7c67a234f601
584,item11,Excel,9069a207-ce95-11eb-9148-7c67a234f601
585,item2,Python,9069b6e0-ce95-11eb-9f22-7c67a234f601
586,item4,JavaScript,9069b6e0-ce95-11eb-9f22-7c67a234f601
587,item8,PHP,9069b6e0-ce95-11eb-9f22-7c67a234f601
588,other,other,9069b6e1-ce95-11eb-8356-7c67a234f601
589,item11,Excel,9069cfab-ce95-11eb-97af-7c67a234f601
590,item2,Python,9069cfac-ce95-11eb-9487-7c67a234f601
591,other,other,9069cfac-ce95-11eb-9487-7c67a234f601
592,item11,Excel,9069ddd5-ce95-11eb-b041-7c67a234f601
593,item11,Excel,9069ddd6-ce95-11eb-988c-7c67a234f601
594,other,other,9069ddd7-ce95-11eb-859c-7c67a234f601
595,item11,Excel,9069ddd7-ce95-11eb-859c-7c67a234f601
596,item11,Excel,9069ddd8-ce95-11eb-b0fb-7c67a234f601
597,other,other,9069ddd8-ce95-11eb-b0fb-7c67a234f601
598,item11,Excel,906a04c8-ce95-11eb-b468-7c67a234f601
599,item10,SQL,906a04c8-ce95-11eb-b468-7c67a234f601
600,item8,PHP,906a04c8-ce95-11eb-b468-7c67a234f601
601,item3,Java,906a04c8-ce95-11eb-b468-7c67a234f601
602,item11,Excel,906a04c9-ce95-11eb-8f6a-7c67a234f601
603,item4,JavaScript,906a04ca-ce95-11eb-9b48-7c67a234f601
604,item3,Java,906a04ca-ce95-11eb-9b48-7c67a234f601
605,item8,PHP,906a04ca-ce95-11eb-9b48-7c67a234f601
606,item11,Excel,906a04ca-ce95-11eb-9b48-7c67a234f601
607,item10,SQL,906a04ca-ce95-11eb-9b48-7c67a234f601
608,other,other,906a04ca-ce95-11eb-9b48-7c67a234f601
609,item1,R,906a04cb-ce95-11eb-9bc2-7c67a234f601
610,item2,Python,906a04cb-ce95-11eb-9bc2-7c67a234f601
611,item11,Excel,906a04cb-ce95-11eb-9bc2-7c67a234f601
612,item10,SQL,906a04cb-ce95-11eb-9bc2-7c67a234f601
613,item9,VBA,906a04cb-ce95-11eb-9bc2-7c67a234f601
614,item2,Python,906a04cc-ce95-11eb-b561-7c67a234f601
615,item8,PHP,906a04cc-ce95-11eb-b561-7c67a234f601
616,item11,Excel,906a2d3f-ce95-11eb-a1ba-7c67a234f601
617,other,other,906a2d3f-ce95-11eb-a1ba-7c67a234f601
618,item11,Excel,906a2d40-ce95-11eb-bee9-7c67a234f601
619,other,other,906a2d40-ce95-11eb-bee9-7c67a234f601
620,item11,Excel,906a2d41-ce95-11eb-b7f9-7c67a234f601
621,other,other,906a2d41-ce95-11eb-b7f9-7c67a234f601
622,item3,Java,906a2d42-ce95-11eb-a3de-7c67a234f601
623,item4,JavaScript,906a2d42-ce95-11eb-a3de-7c67a234f601
624,item8,PHP,906a2d42-ce95-11eb-a3de-7c67a234f601
625,item11,Excel,906a2d42-ce95-11eb-a3de-7c67a234f601
626,item11,Excel,906a52b4-ce95-11eb-b9bd-7c67a234f601
627,item11,Excel,906a52b5-ce95-11eb-9ece-7c67a234f601
628,item11,Excel,906a52b6-ce95-11eb-935f-7c67a234f601
629,item3,Java,906a52b7-ce95-11eb-9c4b-7c67a234f601
630,item10,SQL,906a52b7-ce95-11eb-9c4b-7c67a234f601
631,item9,VBA,906a52b7-ce95-11eb-9c4b-7c67a234f601
632,item11,Excel,906a52b7-ce95-11eb-9c4b-7c67a234f601
633,item3,Java,906a79ab-ce95-11eb-a1b8-7c67a234f601
634,item8,PHP,906a79ab-ce95-11eb-a1b8-7c67a234f601
635,item9,VBA,906a79ab-ce95-11eb-a1b8-7c67a234f601
636,item10,SQL,906a79ab-ce95-11eb-a1b8-7c67a234f601
637,item11,Excel,906a79ab-ce95-11eb-a1b8-7c67a234f601
638,item3,Java,906a79ac-ce95-11eb-9f8a-7c67a234f601
639,item8,PHP,906a79ac-ce95-11eb-9f8a-7c67a234f601
640,item9,VBA,906a79ac-ce95-11eb-9f8a-7c67a234f601
641,item10,SQL,906a79ac-ce95-11eb-9f8a-7c67a234f601
642,item11,Excel,906a79ac-ce95-11eb-9f8a-7c67a234f601
643,item11,Excel,906a79ae-ce95-11eb-98c3-7c67a234f601
644,other,other,906a79ae-ce95-11eb-98c3-7c67a234f601
645,item3,Java,906a79af-ce95-11eb-bd36-7c67a234f601
646,item8,PHP,906a79af-ce95-11eb-bd36-7c67a234f601
647,item11,Excel,906a79af-ce95-11eb-bd36-7c67a234f601
648,item10,SQL,906a79af-ce95-11eb-bd36-7c67a234f601
649,item11,Excel,906aa0a1-ce95-11eb-899e-7c67a234f601
650,item1,R,906aa0a2-ce95-11eb-90cb-7c67a234f601
651,item2,Python,906aa0a2-ce95-11eb-90cb-7c67a234f601
652,item11,Excel,906aa0a2-ce95-11eb-90cb-7c67a234f601
653,item11,Excel,906aa0a3-ce95-11eb-9611-7c67a234f601
654,item2,Python,906aa0a3-ce95-11eb-9611-7c67a234f601
655,item3,Java,906aa0a3-ce95-11eb-9611-7c67a234f601
656,item4,JavaScript,906aa0a3-ce95-11eb-9611-7c67a234f601
657,item11,Excel,906ac788-ce95-11eb-a6f7-7c67a234f601
658,item1,R,906b1739-ce95-11eb-8944-7c67a234f601
659,item2,Python,906b1739-ce95-11eb-8944-7c67a234f601
660,item10,SQL,906b1739-ce95-11eb-8944-7c67a234f601
661,item11,Excel,906b1739-ce95-11eb-8944-7c67a234f601
662,item11,Excel,906b173a-ce95-11eb-b3d4-7c67a234f601
663,item10,SQL,906b173a-ce95-11eb-b3d4-7c67a234f601
664,item2,Python,906b173a-ce95-11eb-b3d4-7c67a234f601
665,item11,Excel,906b3c84-ce95-11eb-8c2a-7c67a234f601
666,item4,JavaScript,906b3c85-ce95-11eb-9b87-7c67a234f601
667,item12,Bash,906b3c85-ce95-11eb-9b87-7c67a234f601
668,item13,PowerBI or Tableau,906b3c85-ce95-11eb-9b87-7c67a234f601
669,item14,Git,906b3c85-ce95-11eb-9b87-7c67a234f601
670,item11,Excel,906b3c85-ce95-11eb-9b87-7c67a234f601
671,item2,Python,906b3c86-ce95-11eb-b6a7-7c67a234f601
672,item11,Excel,906b3c86-ce95-11eb-b6a7-7c67a234f601
673,item10,SQL,906b3c86-ce95-11eb-b6a7-7c67a234f601
674,item13,PowerBI or Tableau,906b3c86-ce95-11eb-b6a7-7c67a234f601
675,item10,SQL,906b65e2-ce95-11eb-8b5c-7c67a234f601
676,item1,R,906b65e3-ce95-11eb-a294-7c67a234f601
677,item11,Excel,906b65e3-ce95-11eb-a294-7c67a234f601
